날짜,제목,내용,URL
2025. 9. 24. 23:01,충남 아산시 '아산탕정 동일하이빌 파크레인' 26일 견본주택 개관,동일토건이 충남 아산시 탕정면 탕정지구에서 공급하는 ‘아산탕정 동일하이빌 파크레인’이 오는 26일 견본주택을 열고 분양을 시작한다. 삼성디스플레이를 비롯한 산업단지가 가까운 데다 KTX·SRT 천안아산역 등 교통 여건이 좋다는 평가를 받는다. 단지는 지하 2층~지상 33층  총 821가구(전용면적 84~152㎡)로 구성된다. 이 중 738가구가 일반에 분양된다. 주택형별로 △84㎡A 453가구 △84㎡B 129가구 △84㎡T 12가구 △99㎡A 111가구 △99㎡B 30가구 △150㎡P 2가구 △152㎡P 1가구 등이다. 나머지 83가구는 임대아파트다. 최대 5베이(방 4개와 거실 전면 향 배치)의 판상형 맞통풍 구조로 설계된다. 팬트리  드레스룸 등의 수납공간이 집안 곳곳에 마련된다. 일부 가구는 3면 발코니  테라스와 펜트하우스 등의 특화 설계가 적용된다. 오는 29일 특별공급을 시작으로 30일 1순위  다음달 1일 2순위 청약 접수를 진행한다. 당첨자 발표는 다음달 16일이다. 비규제지역이다. 충남  대전시  세종시에 거주하는 만 19세 이상의 성인이고 청약통장 가입기간 6개월 이상 등 요건을 충족하면  주택이 있거나 세대주가 아니어도 1순위로 청약할 수 있다. 청약 재당첨 제한  전매 제한도 없다. 분양가는 전용 84㎡ 기준 4억원대다. 탕정지구는 53만6400㎡ 부지에 주거(4300여 가구)뿐 아니라 상업·공공·교육시설 등이 체계적으로 들어설 예정이다. 인근에 연구개발(R&D) 집적지구와 천안아산복합환승센터  곡교천아트리버파크 등이 조성된다. 삼성디스플레이 아산캠퍼스  삼성전자나노시티 온양캠퍼스  아산디스플레이시티 등 산업단지도 인접해 있다. 생활 인프라도 잘 갖춰져 있다. 수도권 전철 1호선 탕정역을 비롯해 KTX·SRT 천안아산역  이순신대로  당진~청주고속도로 등이 가깝다. 수도권광역급행철도(GTX)-C노선 연장도 추진 중이다. 단지 주변에 갈산초(병설유치원 포함)를 비롯해 탕정중  갈산중  충남외국어고  삼성고  탕정고(2028년 개교 예정) 등이 있다. 갤러리아백화점과 이마트 트레이더스 등이 입점한 천안아산역 상권도 가깝다. 온샘근린공원  용곡공원 등 녹지 공간도 많다. 견본주택은 충남 아산시 배방읍 장재리 일원(천안아산역 2번출구 인근)에 마련된다. 입주는 2029년 상반기 예정이다. 오유림 기자 our@hankyung.com Copyright © 한국경제. 무단전재 및 재배포 금지.,http://v.daum.net/v/20250924230147628
2025. 9. 24. 18:33,기재부 중장기전략위원장에 권오현 전 삼성전자 회장 내정,기획재정부 중장기전략위원회 위원장에 권오현 전 삼성전자 회장이 내정됐다. 중장기전략위는 국가의 미래 전략을 수립하는 기재부 장관 자문기구다. 기업인이 위원장을 맡는 것은 이번이 처음이다.  24일 관계부처에 따르면  기재부는 권 전 회장을 중심으로 제7기 중장기전략위 구성을 끝마쳤다. 위원회는 거버넌스개혁반  혁신성장반  미래사회전략반 등 3개 분과로 구성되며 총 19명이 활동한다. 권 전 회장은 삼성전자 반도체총괄 사장  대표이사 부회장·회장  삼성종합기술원 회장을 지냈다. 33년간 삼성에서의 경험을 담은 ‘초격차’라는 제목의 책도 지난 2018년 펴냈다. 퇴임 이후에는 서울대 이사장을 맡았다. 중장기전략위원회는 지난 2012년 출범한 민간 자문기구로  이원복 덕성여대 석좌교수  김인호 시장경제연구원 이사장  최종찬 전 건설교통부 장관  최재천 이화여대 석좌교수  이광형 한국과학기술원(KAIST) 총장  박재완 전 기재부 장관 등 학자나 관료 출신들이 위원장을 맡았다. 기업인 출신 위원장은 권 전 회장이 처음이다. 권 전 회장이 AI(인공지능) 대전환 등 정부 정책과 발맞춘 미래전략 구상에 힘을 실을 것이란 분석이 나온다. Copyright © 조선일보. 무단전재 및 재배포 금지.,http://v.daum.net/v/20250924183347096
2025. 9. 24. 17:57,"주4.5일제 해달라"…금융노조  26일 총파업,주요 시중·국책은행원 10만여 명이 속한 전국금융산업노동조합(금융노조)이 금융산업사용자협의회와의 대표 교섭이 결렬됨에 따라 26일 총파업에 돌입한다고 선언했다. 금융노조가 거리로 나서는 건 2022년 9월 이후 3년 만이다. 다만 최근 롯데카드 해킹 사태 등 금융사고가 발생하는 상황에서 평균 연봉이 1억원을 넘는 은행원들이 근무시간 단축 등을 조건으로 파업을 선언하자 국민들의 시선도 따갑다. 금융노조는 24일 서울 중구 은행연합회에서 기자회견을 열고 "26일 총파업은 사용자 측이 대화를 거부하고 책임을 회피하는 상황에서 현실을 바꿀 수 있는 마지막 수단"이라며 "2·3차 총파업을 해서라도 대한민국 대전환을 이어가겠다"고 선포했다. 노조는 "수개월간 이어진 교섭에서 사측이 끝내 책임 있는 답을 내놓지 않은 결과"라며 사측에 책임을 돌렸다. 금융권에 따르면 전날 김형선 금융노조 위원장은 사측인 조용병 금융산업사용자협의회장(은행연합회장)과 진행한 2차 교섭에서 결국 성과를 내지 못했다. 사측에서 노조 측 핵심 요구 사안인 주4.5일제를 수용하기 어렵다는 입장을 고수하며 협상이 결렬됐다. 노조는 지난 3월 이 같은 내용이 담긴 요구안을 사측에 제출한 이후 두 차례 중앙노동위원회 조정과 15일 열린 1차 교섭을 거쳤지만 모두 합의에 실패했다. 이에 노조는 이달 초 조합원 쟁의 행위 찬반투표를 실시해 94.98%의 찬성률로 파업을 확정했다. 금융노조가 요구하는 주4.5일제는 그동안 평일 오전 9시부터 오후 4시까지였던 영업점 근무시간을 월~목요일 오후 4시 30분으로 늘리는 대신 금요일은 오전까지만 근무하겠다는 것이다. 김 위원장은 이날 "저출생 돌봄 공백이라는 국가적 위기 극복을 위해 주4.5일제 도입이 반드시 필요했지만 사용자는 수개월간 책임 있는 답을 내놓지 못하고 있다"고 강조했다. 또 은행권이 매년 사상 최대 이익을 경신하고 있다는 점을 들어 3.9%의 임금 인상이 필요하다고 주장했다. 그러나 이를 바라보는 여론의 시선은 곱지 않다. 최근 297만명의 고객 개인정보가 유출된 롯데카드 해킹 사태를 비롯해 웰컴저축은행·SGI서울보증 등에서도 보안 피해가 이어지는 상황에서 파업을 강행하면 금융보안에 허점이 커질 수 있기 때문이다. 특히 주4.5일제 근무가 시행되면 신속함이 중요한 해킹 대응에 대해 금융권이 더 취약해질 수 있다는 우려가 나온다. 삼성전자·현대자동차 등을 웃도는 임금을 받는 은행원들이 임금 인상 투쟁에 나서는 것도 설득력을 얻지 못하고 있다. 금융감독원 공시 등에 따르면 국내 시중·특수·지방은행의 지난해 1인당 평균 연봉은 1억1200만여 원으로 집계됐다. 5인 이상 사업장 직원의 연봉(5338만원)을 두 배 웃돈다. 이번 파업의 후폭풍 규모는 얼마나 많은 조합원이 점포 대신 거리로 나서느냐에 달려 있다. 금융노조는 전체 조합원(10만명) 중 휴직자를 제외한 8만여 명 전원이 이번 파업에 참여해줄 것으로 기대하고 있다. 이 같은 목표를 달성하려면 금융노조 조합원에서 약 80%를 차지하는 시중은행 직원들의 참여도가 중요하다. 은행권에선 26일이 연휴 직전 금요일이라 지방 조합원 이동이 어려워 수도권 조합원 위주로 참여하는 데 그칠 것으로 예상하고 있다. 한 금융권 관계자는 "일부를 제외하면 대다수 점포가 파업 당일에도 정상적으로 운영될 수 있을 것"이라고 말했다. [이소연 기자 / 안정훈 기자] Copyright © 매일경제 & mk.co.kr. 무단 전재  재배포 및 AI학습 이용 금지,http://v.daum.net/v/20250924175723824
2025. 9. 24. 17:57,잘나가는 K전력기기…차단기 사업도 '금맥',도심 인공지능(AI) 데이터센터 급증으로 전력의 안정적 공급이 중요해지면서 기존 변압기 위주였던 K그리드(전력망) 제품의 인기가 '차단기'까지 확산되고 있다. 효성중공업·HD현대일렉트릭·LS일렉트릭 등 국내 전력기기 3사도 적극적인 투자를 통해 북미·유럽 초고압차단기 시장 공략에 나서고 있다. 효성중공업은 경남 창원에 수출용 초고압차단기 전용 생산공장을 신축하기 위해 총 1000억원을 투자한다고 24일 밝혔다. 신축 공장은 2026년 상반기 완공이 목표로  420·550·800㎸급 수출 전용 초고압차단기를 생산한다. 생산한 제품은 미국  유럽  중동 등 글로벌 시장에 공급된다. 증설이 완료되면 효성중공업의 초고압차단기 생산능력은 기존 대비 약 1.5배까지 증가한다. 효성중공업은 인도 푸네에 위치한 차단기 공장 증설도 추진 중이다. 인도는 세계 3위 전력 생산국으로  전력망 현대화가 본격화되면서 초고압차단기 수요가 빠르게 증가하고 있다. 효성중공업은 올해 차단기 누적 생산 10조원을 국내 업체 최초로 돌파하는 등 시장을 주도하고 있다. 지난 7월엔 미국 대형 전력 업체로부터 2640억원 규모 초고압차단기를 수주하며 역대 최고액 기록을 세운 바 있다. 차단기는 발전소·변전소 등에서 전력계통 사고나 이상전류 발생 시 전류를 차단해 설비·인명을 보호하는 기기다. 일반 가정에서 '두꺼비집(분전반)'이 하는 역할을 떠올리면 된다. 변압기는 스스로 고장을 차단할 수 없어 인근에 차단기를 같이 설치해야 사고에서 지역 전력망을 보호할 수 있다. 특히 초고압차단기는 안정적인 전력 공급이 필요한 도심 AI데이터센터에서 도입이 늘면서 '필수 설비'로 인식되고 있다. 다만 넓은 생산 용지와 높은 기술력이 필요해 전 세계적으로 안정적으로 생산 가능한 기업은 소수에 불과하다. 업계에 따르면 초고압변압기는 50억~100억원  초고압차단기는 10억원 내외에 수출 단가가 책정된다. 권기영 효성중공업 차단기사업 총괄(전무)은 "변압기는 단가와 마진이 높지만  대형 프로젝트 위주로 생산 기간이 길고 제조가 복잡하다는 단점이 있다"며 "반면 차단기는 단가는 낮지만 납기가 빠르고 물량이 많아 수익 구조가 안정적이며 자동화 생산이 가능해 제조 효율성이 높다"고 설명했다. HD현대일렉트릭도 최근 차단기 시장에서 연이어 수주에 성공하며 관련 사업을 확대하고 있다. 이 회사는 이달 초 핀란드 설계·조달·시공(EPC) 기업과 145㎸ 'SF6-Free' 고압차단기 14대 공급 계약을 체결했다. 지난 5월 스웨덴에 이어 유럽 시장에서 연이어 수주에 성공한 것이다. HD현대일렉트릭은 앞서 사우디아라비아 네옴시티 신도시 프로젝트  디리야 유적지 신도시 개발 등 프로젝트에 초고압차단기를 공급했다. 국내에서도 삼성전자 평택 반도체 공장에 644억원 규모 초고압차단기를 수주했다. 현재 2026년 상반기 인증을 목표로 420㎸ 친환경 고압차단기 성능 검증을 진행 중이다. 비교적 후발 주자에 속하는 LS일렉트릭은 친환경 가스절연개폐기(GIS) 시장 공략에 속도를 내고 있다. GIS는 차단기·단로기 등 기능을 하나로 통합한 복합 전력설비로  차단기의 일종으로 보면 된다. LS일렉트릭 관계자는 "지멘스 등 글로벌 메이저 기업도 아직 출시하지 못한 170㎸ 이상 친환경·대용량 GIS 시장을 선제적으로 공략하고 있다"고 밝혔다. 글로벌 시장조사기관 포천 비즈니스 인사이트에 따르면 글로벌 차단기 시장은 2024년 224억달러(약 31조원)에서 2032년 429억달러(약 60조원)로 연평균 8.3% 성장할 전망이다. [정지성 기자] Copyright © 매일경제 & mk.co.kr. 무단 전재  재배포 및 AI학습 이용 금지,http://v.daum.net/v/20250924175714812
2025. 9. 24. 17:54,'반도체 풍향계' 마이크론 깜짝 실적에 상승세 지속,미국 메모리 반도체 기업인 마이크론테크놀로지가 23일(현지시간) 2025회계연도 4분기(6~8월)에 시장 예상치를 웃도는 '깜짝 실적'을 발표하면서 메모리 업황에 대한 기대감을 키웠다. 이날 마이크론은 호실적에 대한 기대감을 반영하며 전 거래일 대비 1.09% 오른 166.41달러로 장을 마감했다. 이어 실적 발표 직후 시간외거래에서는 167.15달러를 기록하며 추가로 0.44% 주가가 상승했다. 다만 마이크론의 실적 발표와 시간외거래에서의 주가 상승에도 24일(한국시간) 삼성전자와 SK하이닉스는 보합세로 마감했다. 삼성전자는 0.83% 오르며 3거래일 연속 올랐지만  SK하이닉스는 0.97% 하락했다. 마이크론의 4분기 매출은 113억2000만달러로 전년 동기 대비 46% 증가했다. 영업이익은 39억6000만달러로 전년 동기 대비 126.6%나 급증했다. 특히 주목할 만한 점은 사업부별 매출 가운데 클라우드 메모리 분야가 45억4300만달러로 전년 동기 대비 213.6% 급증하며 성장을 견인했다는 것이다. 한편 마이크론이 HBM4 12단 샘플을 고객사에 전달했다고 밝히자 HBM 리더십 약화 우려에 이날 장 초반 SK하이닉스가 2%가량 하락하기도 했다. 마이크론은 HBM4 샘플 속도를 업계 최고 수준인 11Gbps까지 올렸다고 발표했다. [오대석 기자 / 김제림 기자] Copyright © 매일경제 & mk.co.kr. 무단 전재  재배포 및 AI학습 이용 금지,http://v.daum.net/v/20250924175409699
2025. 9. 24. 17:48,"CES 참가 한국기업 비자문제 걱정말라",미국 최대 테크행사인 CES를 개최하는 미국소비자기술협회(CTA)가 조지아주 공장 근로자 구금 사건에 대해 유감을 표시했다. 이번 사태 여파로 CES 참석에 불편함이 없도록 비자 문제도 해결할 것이라고 밝혔다. CTA는 24일 서울 조선팰리스에서 기자간담회를 열고 이 같은 내용을 담은 CES 2026에 대한 계획과 전망을 소개했다. 게리 셔피로 CTA 최고경영자(CEO) 겸 부위원장(사진)은 이 자리에서 "현대차 문제는 안타깝다. 한미관계를 생각하면 (사태가) 백악관의 지시에 따라 이뤄졌다고 생각하지 않는다"며 "개인적으로는 정부 관료의 실수였다고 생각한다"고 밝혔다. 이어 "부스를 세우고 참석하는 기업들에 대해서 미국 정부와 긴밀히 협력하고 있고 한국 혁신 기업들이 미국에 오는 것을 환영하고 있다"고 강조했다. 셔피로 CEO는 "(CES에 참석하는 데) 심각한 비자 문제는 없을 것"이라면서 "다만 언론과 기업 모두 여유를 가지고 신청해 달라"고 당부했다. 그는 주한미국대사관을 방문해 비자 문제에 대해 논의할 것이라고도 밝혔다. CTA는 1200여 개 미국 소비자 기술 기업들이 가입된 협회다. AMD  아마존  베스트바이  월마트 등 주요 대기업이 참여하고 있고 80%는 중소기업들로 구성돼 있다. 미국 주요 기업단체가 조지아주 근로자 구금사태에 대해 유감을 밝혔다는 점에서 의미가 있다. 내년 CES 2026의 주제는 '혁신가들의 무대(Innovators Show Up)'다. 'CES 파운드리'라는 신기술 관련 행사도 처음으로 열린다. 1월 7~8일 이틀간 열리며 인공지능(AI)  양자컴퓨터  블록체인 같은 기존의 CES에서 다루지 않았던 첨단 주제를 다룬다. 주 행사장 인근에 위치한 퐁텐블로호텔에서 열린다. 리사 수 AMD CEO  양위안칭 레노버 CEO 등이 기조연설자로 확정됐다. 한국 전시 참여 기업으로는 삼성전자  LG전자  현대차  현대모비스  SK하이닉스  두산  HK콜마  세라젬 등이 있다. 삼성전자의 경우 주 전시장 LVCC 센트럴홀의 중앙에 오랫동안 부스를 열어왔지만 이번에는 전시장에서 빠져나와 윈호텔에 별도의 전시공간을 연다. [이덕주 기자] Copyright © 매일경제 & mk.co.kr. 무단 전재  재배포 및 AI학습 이용 금지,http://v.daum.net/v/20250924174800385
2025. 9. 24. 17:38,글로벌 영토 넓혀가는 '진격의 K농업'…팜오일  미래 식량·산업 궤도 바꾸다,'기아 환영!’ 2016년 여름  미국 애틀랜타공항에 내렸을 때 로비에 붙은 현수막을 보고 놀랐다. 자동차 1등 나라에서 저런 현수막을 보게 될 줄이야. 미국 임원이 몰래 언질을 줬다. 기아 연봉이 조지아주에서 가장 높아서 지원자가 줄을 선다고. 인도 남부 첸나이 현대자동차 공장도 마찬가지였다. 평균 월 급여 1200달러에 고학력자가 몰려든다. 중국 시안의 삼성전자  우시의 SK하이닉스  인도의 포스코도 마찬가지다. 청년 인재들에게 인기가 높다. 제조업만 진출하는 게 아니다. 농업도 있다. 인도네시아 파푸아 지역에서 한국인 특유의 투지를 불사르는 포스코인터내셔널이 개척한 팜 농장이다. 서울 면적의 60% 팜 농장  파푸아는 아프리카만큼 오지다. 인도네시아령 파푸아의 면적은 한반도의 네 배인데  인구는 고작 560만 명에 불과하다. 잡목이 빽빽이 들어찬 숲에 흩어져 산다. 파푸아 한가운데 포스코인터내셔널이 운영하는 팜 농장 ‘PT.BIA’가 있다. 불모의 숲을 가꾼 지 올해로 15년째. 엉클어진 잡목 숲이 어엿한 과수림으로 바뀌었다. 천지개벽이란 말이 어울릴까. 서울에서 파푸아 주도인 자야푸라까지 비행기로 꼬박 12시간  다시 남부 해안 도시 메라우케까지 1시간 비행. 거기까지는 문명적이었다. 간혹 허물어진 험난한 길을 지프차로 5시간 달려 팜 농장의 정문에 도착했고  본부까지는 한 시간을 더 달려야 했다. 농장 크기는 3만4000헥타르(㏊)  서울 면적의 60%에 달하는 광대한 지역에 열병식 하듯 350만 그루의 팜나무가 줄지어 자라고 있었다. 다산성 숲은 장관이었다. 전망대에 올라서도 끝이 보이지 않았다. 하기야 광화문에서 잠실이 보일 리 만무하다. 이제는 먹고살 만한데 왜 한국인은 오지를 마다하지 않는가. 배고픔을 아는 민족이기에 그렇다. 가는 길에서 마주친 선주민들은 궁핍했고 헐벗은 모습이었다. 정부에서 경작지를 줘도 천렵과 사냥에 몰두한다. 인류학자라면 그게 자연스러운 환경이겠거니 하겠지만  배고픔을 아는 민족은 그들에게 뭐라도 주고 싶어 한다. 우리에겐 시급한 식량 산업을 일궈 보겠다는 꿈도 있다. 포스코인터내셔널은 일찍이 우크라이나 흑해 연안 곡물터미널을 매입해 식량 안보에 깃발을 올렸다. 곡물 중개사업을 확장해 유사시 한국 식량 조달의 기반을 구축한다는 포부다. 제조업이 그렇듯  한국인은 세계 어디든 간다. 포스코인터내셔널은 옛 모체인 대우인터내셔널이 배양한 ‘세계경영’과 포스코 특유의 ‘우향우 정신’을 결합해 오지와 험지를 마다하지 않는 진격의 탐사대다. 식량 안보와 농업 팜 농장 PT.BIA 총책임자 공병선 관장. 농장 개척에 청춘을 바친 그는 서울대 농대 출신이다. 전공을 살렸다는 필자의 덕담에 그는 웃으며 말했다. “식량 안보의 전사죠!” 맞다. 한국의 농지 총면적은 160만㏊인데 매년 급격히 줄어든다. 게다가 농민의 고령화가 ‘농촌 공동화’를 초래한다. 고령 농민을 대체한 인력은 동남아시아 출신 청년이다. 현재 한국의 농산물 자급률은 고작 45%. 수입액은 매년 늘어간다. 사정이 그러니  인도네시아 팜 농장은 외국 농업 경영 경험의 축적이자 국가적 미래사업이다.  신비의 나무  팜  팜 열매는 신비 그 자체였다. 코코넛과 야자는 익숙했지만  팜은 과일인지 씨앗 뭉치인지 구별이 안 됐다. 얌전하게 뻗은 줄기 사이에 송아지 머리만 한 열매 덩어리가 다소곳이 얹혀 있는데  도토리 같은 과실을 2000여 개나 품는다. 과육을 짜면 팜오일을 얻고  안에 든 씨앗을 압착하면 팜커넬오일이 나온다. 전자는 식용과 바이오 연료  후자는 비누·화장품·세제의 천연 원료다. 하나도 버릴 게 없다. 팜유는 우리가 즐겨 먹는 과자의 필수 재료로 쓰이는 한편 항공유  바이오 플라스틱  고체바이오연료 등 탄소를 줄이는 친환경 원료로 각광받고 있다. 팜나무는 30년 생장 기간에 이런 열매를 매년 10개 이상 맺는다고 하니 천상의 친구다. PT.BIA는 연 20만t 이상의 팜오일 생산 공장을 가동 중인데  수도 이전 예정지인 누산다라 인근 항구에도 팜오일 정제공장을 짓고 있어 ‘재배-착유-정제-물류’의 선순환 구조를 갖췄다. 팜의 주 생산국은 인도네시아와 말레이시아로 두 나라가 전 세계 생산량의 84%를 차지한다. 인도네시아에 진출한 한국 기업이 여럿 있는 이유이기도 한데  특히 PT.BIA는 인권 중시 경영과 생산성 측면에서 좋은 평판을 얻고 있다. 요즘 말로 ESG(환경·사회·지배구조) 경영이다. 연평균 수익이 1000억원을 넘어선 PT.BIA는 이제 황금의 숲이자 작업인들이 희망찬 삶을 설계할 수 있도록 하는 일종의 ‘우애 공동체’가 됐다. ‘우애 공동체’ K농장 플랜테이션은 제국주의가 만들어낸 대규모 농장이다. 20세기 중반까지 미국 남부의 플랜테이션  브라질의 커피 농장은 말 그대로 노동 착취의 대명사였다. 필자는 혹시 PT.BIA에도 그런 모습이 보일지 조바심이 일었다. 세 구역으로 나뉜 팜 농장에는 여러 인종의 작업인들이 거주하는 마을과 자녀를 위한 학교  병원  스포츠 시설이 각각 조성돼 있었다. 학교는 일종의 부족박람회 같았는데  아이들의 즐겁고 행복한 소음으로 가득 차 있었다. 이들이 성장해 상급 학교에 진학할 것에 대비해 공 관장은 인근 도시 메라우케에 기숙사 신축을 계획하고 있다고 귀띔했다. 병원은 4000여 명에 달하는 작업인과 가족들 건강을 책임진다. 연평균 3만5000회에 달하는 진료를 하느라 눈코 뜰 새가 없다고 담당 의사가 말했다. 자바 정부에서 파견된 간호사와 약사가 각종 약이 비치된 약장을 보물상자처럼 정돈했다. 마치 한국 농촌에서 목격하는 마을공동체처럼  부족이 달라도 상부상조하는 우애 공동체가 거기 있었다. 거주 시설은 무척 깔끔해 보였다. 마침 일요일이어서 선주민 한 사람이 집을 나섰는데 도로변에서 목격한 것과는 사뭇 다른 세련된 차림이었다. 연봉 5000달러에 걸맞은 차림새였다. 문명 세계로 진입하는 원주민 선주민들이 월급을 받기 시작했다. 작업인 중 선주민 비율은 10% 남짓. 인력이 태부족한 상태에서 이들의 존재는 소중하다. 건강하고 일을 잘한다. 그런데 규율 개념을 주입하는 것이 문제다. 공 관장은 뉴기니 외 인근 섬에서 이주한 선주민들을 교육해 현장에 투입하면 하루도 안 돼 다른 곳으로 가버리는 사례가 빈발했다고 털어놨다. 성공적으로 정착한 선주민들은 월급을 저축해 자녀들을 교육한다. 포스코인터내셔널은 농장 인근 선주민들의 경제 자립을 위해 경작지를 할애하는 플라즈마 시책에 적극 동참한다. 식민통치를 받은 민족의 한(恨)과 인류학적 우애를 그렇게라도 풀고 싶은 것이다. K농장  그 마음의 습관 PT.BIA 농장에 파견된 주재원은 8명  현지에서 고용한 한국인 전문가 16명까지 모두 24명이 농장을 관리한다. 관리방식은 민주주의 그 자체다. 작업인들의 민원을 수리하고  불평과 불만 요인을 파악해 해소한다. 주재원들의 평균 연령은 45세 정도다. 이들은 민주적 관행과 관습 속에서 자랐고  불의를 참지 못하는 공정심을 배양한 세대다. 2억8000만 인도네시아인은 과거 군부 정치에 시달렸고  특히 1965년 발생한 민간인 학살을 잊지 못한다. 군부 정치를 똑같이 겪은 한국 주재원들이 실천하는 인간애적 관리방식과 인권 중시 마인드를 4000여 작업인이 감지했다. 그것은 민주주의의 동력인 ‘마음의 습관’에 해당한다. 인도네시아의 K농장은 파푸아의 빈곤과 궁핍을 풍요로 바꾸는 전진기지이고  이웃 국가이자 곧 경제 대국으로 발돋움할 동남아시아의 중심 국가에 민주주의를 식재하는 농장이 될 것으로 믿는다. 귀국길  PT.BIA 주재원들과 악수를 나누는 손길에서 힘이 느껴졌다. ■ 송호근 교수 약력 △1956년 경북 영주 출생 △1979년 서울대 사회학과 졸업 △1989년 미국 하버드대 사회학 박사 △1989~1994년 한림대 사회학과 교수 △1994~2018년 서울대 사회학과 교수 △2018년 포스텍 석좌교수 △2022년~ 한림대 도헌학술원장 겸 석좌교수 Copyright © 한국경제. 무단전재 및 재배포 금지.,http://v.daum.net/v/20250924173850997
2025. 9. 24. 17:36,'초격차 신화' 권오현  기재부 미래전략 맡는다,기획재정부 중장기전략위원회를 이끌 수장에 권오현 전 삼성전자 회장이 선정됐다. 중장기전략위는 국가의 미래 전략을 수립하는 기재부 장관 자문기구로  기업인이 위원장을 맡는 것은 이번이 처음이다. 24일 관계부처에 따르면  기재부는 권 전 회장을 중심으로 제7기 중장기전략위 구성을 마쳤다. 위원회는 거버넌스개혁반  혁신성장반  미래사회전략반 등 3개 분과로 구성되며 총 19명이 활동한다. 권 전 회장은 삼성전자 반도체총괄 사장  대표이사 부회장·회장  삼성종합기술원 회장을 지낸 인물로  '초격차'의 저자이자 '반도체 신화'의 주역으로 꼽힌다. 퇴임 후에는 서울대 이사장을 맡았다. 중장기전략위는 지금까지는 학자나 관료 출신이 위원장을 맡았지만  기업인 출신 위원장은 권 전 회장이 처음이다. [이지안 기자] Copyright © 매일경제 & mk.co.kr. 무단 전재  재배포 및 AI학습 이용 금지,http://v.daum.net/v/20250924173604886
2025. 9. 24. 17:31,마이크론 "HBM4 성능 자신있다"…삼성·SK에 도전장,미국 메모리반도체 기업 마이크론이 23일(현지시간) 열린 실적설명회(콘퍼런스콜)에서 “내년 생산 예정인 6세대 고대역폭메모리(HBM4) 성능이 경쟁사보다 낫다”고 밝혔다. ‘HBM 큰손’ 엔비디아가 요구한 데이터 처리 속도인 ‘초당 10기가비트(Gb)’를 충족하지 못해 납품에 실패할 것이란 시장 우려를 일축한 것이다. 향후 메모리반도체 업황과 관련해선 “인공지능(AI)발 수요가 크지만 공급량은 늘지 않아 2026년엔 D램 공급 부족 현상이 심화할 것”이라며 ‘메모리반도체 슈퍼사이클’이 길어질 것으로 전망했다. ◇“HBM4 경쟁 자신 있다”  산제이 메로트라 최고경영자(CEO)는 이날 열린 2025회계연도 4분기(2025년 6~8월) 콘퍼런스콜에서 “업계 최고 수준인 초당 11Gb의 데이터 처리 속도와 전력 효율성을 갖춘 HBM4를 준비하고 있다”고 말했다. 마이크론은 2026년 2분기 HBM4 출하를 시작해 내년 하반기부터 본격적인 생산에 들어갈 계획이라고 했다. 메로트라 CEO의 발언은 최근 글로벌 반도체 시장에서 불거진 마이크론의 HBM4 성능에 대한 우려를 잠재우기 위한 의도로 분석된다. 엔비디아는 내년 출시 예정인 차세대 AI 가속기 ‘루빈’에 장착될 HBM4를 개발 중인 공급사들에 “데이터 처리 속도를 국제반도체표준협의기구(JEDEC)가 정한 표준(초당 8Gb)보다 빠른 10Gbps(초당 기가비트) 이상으로 해달라”고 요청했다. 삼성전자는 최근 데이터 처리 속도를 11Gbps로 개발했고  SK하이닉스는 공식 보도자료를 통해 “10Gbps 이상을 달성했다”는 입장을 내놨다. 하지만 마이크론은 엔비디아의 요구를 충족하는 게 어려울 것이란 관측이 나왔다. 삼성은 HBM4의 두뇌 역할을 하는 로직 다이를 자사 4나노미터(㎚·1㎚=10억분의 1m) 파운드리(반도체 수탁생산) 공정으로 만들고 SK하이닉스는 대만 TSMC의 12㎚ 공정을 활용하지만  마이크론은 자체 12㎚ 공정을 쓰기로 한 데 대한 불안감이 반영된 탓이었다. 메로트라 CEO는 “마이크론 HBM4는 업계 최고 성능과 저전력 기능을 갖췄다”며 “샘플(CS)을 납품한 만큼 내년엔 HBM 점유율이 늘어날 것”이라고 강조했다. ◇엔비디아 납품 경쟁 치열해져 마이크론이 HBM4를 순조롭게 개발하고 있다고 밝히며 내년 엔비디아 공급 물량을 둘러싼 경쟁은 한층 치열해질 것으로 전망된다. SK하이닉스가 주도한 5세대 HBM(HBM3E)과 달리 HBM4에선 삼성전자와 마이크론이 회사의 명운을 걸고 도전하고 있어서다. 시장에선 HBM4에서도 SK하이닉스의 우세를 점치지만 메모리 3사 간 점유율 격차는 좁혀질 것으로 예상하고 있다. 최근 글로벌 금융투자업체 번스타인은 2026년 HBM 점유율이 SK하이닉스 45%  삼성전자 33%  마이크론 22%를 기록한 뒤 2027년엔 삼성전자와 SK하이닉스가 각각 38%로 공동 1위  마이크론이 24%로 추격하는 식으로 재편될 것으로 전망했다. ◇메모리 슈퍼사이클 지속 이날 마이크론은 2025회계연도 4분기(2025년 6~8월) 실적을 공개했다. 매출 113억1500만달러로 전년 동기 대비 46% 늘었다. 영업이익은 39억5500만달러로 126% 급증했다. 마이크론은 “2025년 1~12월 기준 D램과 낸드플래시 수요가 기존 전망보다 커지고 있다”며 “마이크론의 공급량은 이에 못 미칠 것”이라고 밝혔다. 2026년 D램 공급 부족이 심화할 것이란 얘기다. 마이크론은 향후 실적에 대해서도 낙관론을 폈다. 2026회계연도 1분기(2025년 9~11월) 실적 전망치를 컨센서스(매출 119억1000만달러  주당순이익 3.05달러)를 웃도는 매출 122억~128억달러  주당순이익 3.6~3.9달러로 내놓은 게 대표적 사례로 꼽힌다. 그만큼 메모리 업황이 좋다는 의미다. 엔비디아와 오픈AI의 협업도 메모리 슈퍼사이클을 이끄는 기회 요인으로 평가됐다. 메로트라 CEO는 “빅테크의 AI 데이터센터 지출이 늘고 전통 서버용 제품 수요도 강세를 보인다”며 “엔비디아와 긴밀한 협력을 통해 데이터센터용 저전력 D램 모듈(SOCAMM) 시장을 선도하고 있다”고 강조했다. 황정수 기자 hjs@hankyung.com Copyright © 한국경제. 무단전재 및 재배포 금지.,http://v.daum.net/v/20250924173145681
2025. 9. 24. 17:28,"美 마시모 오디오 인수 완료"…삼성 하만  시장 지배력 확대,삼성전자가 오디오 자회사인 하만인터내셔널을 통해 미국 마시모의 오디오 사업부인 사운드유나이티드를 3억5000만달러(약 5000억원)에 인수하는 절차를 마무리했다고 24일 발표했다. 지난 5월 인수계약(SPA)을 맺은 지 4개월여 만이다. 사운드유나이티드는 바워스앤윌킨스(B&W)를 비롯해 데논  마란츠  폴크 등의 오디오 전문 브랜드를 보유하고 있다. 하만은 사운드유나이티드를 라이프스타일 사업부 내 독립전략사업부로 운영할 예정이다. 각 브랜드의 헤리티지와 전문성  브랜드 정체성을 유지하기 위한 차원이라는 게 회사 측 설명이다. 삼성전자는 이번 인수를 통해 일반 소비자를 대상으로 하는 글로벌 컨슈머 오디오 시장 장악력을 더 강화한다는 계획이다. 하만은 하만카돈  JBL  뱅앤올룹슨  마크레빈슨 등 프리미엄 브랜드를 기반으로 지난해 포터블 오디오에서 시장 점유율 약 60%를 기록하며 1위를 유지하고 있다. 이번에 B&W 등 하이엔드 브랜드를 추가하면서 글로벌 오디오업계의 강자 자리를 굳히게 됐다. 정보기술(IT) 시장 분석 및 컨설팅 회사인 퓨처소스와 IDC 등에 따르면 컨슈머 오디오 시장은 올해 608억달러(약 84조3000억원)에서 2029년 700억달러(약 97조900억원)로 15% 이상 커질 전망이다. 김채연 기자 why29@hankyung.com Copyright © 한국경제. 무단전재 및 재배포 금지.,http://v.daum.net/v/20250924172846504
2025. 9. 24. 17:26,반도체株 랠리에 'FOMO' 빠진 투자자…증권가는 "상승세 더 간다",제롬 파월 미국 중앙은행(Fed) 의장의 ‘주식 고평가’ 발언이 한국 증시 조정으로 이어졌다. 인공지능(AI) 수요에 따라 호전되던 반도체 투자심리가 흔들리며 상승을 주도하던 관련 종목들이 주춤했다. 전문가들은 당분간 국내 반도체 업종은 상승세를 이어갈 것이란 전망을 내놓고 있다.  24일 코스피지수는 0.4% 하락한 3472.14에 마감했다. 장중 한때 3440선을 내주며 1% 넘게 떨어졌지만 오후 들어 낙폭을 크게 줄였다. SK하이닉스가 장중 3% 넘게 떨어졌고 최근 급등한 장비업체 유진테크도 1.69% 하락했다. 시장의 관심은 급등세를 이어온 국내 반도체 업종이 랠리를 지속할지에 쏠려 있다. 이달 들어 ‘반도체 투톱’뿐 아니라 소부장(소재·부품·장비) 업체까지 급등하며 외국인 수급을 빨아들이자 투자자들은 ‘반도체 FOMO(소외 공포감)’에 빠졌다. 최근 10거래일간 코스피지수는 4.76% 올랐지만 상승보다 하락 종목이 많은 날이 6일이나 됐다. 반도체 종목 보유자 외엔 별 재미를 보지 못했다는 의미다. 이 기간 KRX반도체지수는 16.41% 뛰었다. ‘KODEX반도체’와 ‘SOL반도체전공정’ 상장지수펀드(ETF)는 한 달간 각각 30.29%  29.03% 급등했다. 투자자들은 반도체 업종을 추격 매수할지  순환매를 기다릴지 고민에 빠졌다. 전문가 사이에선 반도체 상승세가 당분간 이어질 것이란 의견이 많다. 글로벌 증시에서 AI 반도체 종목이 조정을 받았지만 최근 국내 반도체 상승세는 레거시(구형 범용)가 주로 이끌었다는 이유에서다. 미국의 금리 인하가 본격화하면서 신흥국으로 자금이 이동하면 한국 반도체 업종으로 매수세가 들어올 가능성도 있다. 이진우 메리츠증권 리서치센터장은 “미국 데이터센터 투자와 관련해 AI 반도체뿐 아니라 레거시 반도체 수요가 커지고 있다는 인식이 사실로 확인되고 있다”며 “실적 전망치가 이제 올라오기 시작한 만큼 올 하반기에도 반도체가 시장을 주도하는 흐름이 유지될 것”이라고 말했다. 호재가 선반영된 조선·방위산업·원자력발전 대비 반도체의 상승 여력이 높다는 의견이다. 한 자산운용사 펀드매니저도 “한국 시장으로 들어오는 외국인 자금은 반도체를 주목할 수밖에 없다”며 “고대역폭메모리(HBM) 관련주보다 레거시 반도체 업체 위주로 내년까지 상승세가 이어질 수 있다”고 전망했다. 단기 급등한 만큼 신중한 대응을 주문하는 반론도 일각에서 나온다. 김태홍 그로쓰힐자산운용 대표는 “오랫동안 소외된 소부장주와 비교해 삼성전자와 SK하이닉스는 쉬어갈 가능성이 있다”며 “당분간 반도체 흐름이 좋겠지만 장기 호황에 들어간 것인지 100% 확신할 수 없기 때문에 이를 충분히 고려해야 한다”고 조언했다. 박한신 기자 phs@hankyung.com Copyright © 한국경제. 무단전재 및 재배포 금지.,http://v.daum.net/v/20250924172658434
2025. 9. 24. 17:24,삼전 주식 4만5000원에 샀는데 6년 만에…'대박' 터진 큰손 누구,세계 최대 자산운용사 블랙록이 국내 주식시장에 약 38조원을 투자한 것으로 알려지면서 투자 포트폴리오에 관심이 쏠리고 있다. 블랙록은 2018년부터 SK하이닉스  삼성전자 등 반도체주와 금융주에 직접 투자해 70% 이상 수익을 거두고 있는 것으로 추정된다. 유가증권시장 시가총액 상위 종목을 담은 아이셰어스 상장지수펀드(ETF)로 패시브 전략을 구사하는 동시에 저평가된 대형주를 장기 보유하는 전략으로 높은 성과를 내고 있다는 평가가 나온다. 24일 한국경제신문이 블랙록의 국내 투자 포트폴리오를 분석한 결과 투자 수익률이 67.9%로 나타났다. 국내 상장사 중 블랙록이 5% 이상 지분을 보유한 종목의 투자 시점 대비 주가 상승률을 계산한 결과다. 블랙록의 투자 지분가치는 전날 종가 기준 37조7692억원으로 집계됐다. 국내 증시 전체 시가총액 3332조원의 1.1% 수준이다.  블랙록은 자회사인 블랙록펀드어드바이저스 등을 통해 하나금융지주(6.43%)  우리금융지주(6.07%)  KB금융(6.02%)  신한지주(5.99%) 등 4대 금융그룹 지주사의 지분을 5% 이상 보유 중이다. 삼성그룹 계열사 중에서는 삼성전자(5.07%)를 비롯해 삼성SDI(5.01%)  삼성E&A(5%) 등의 지분을 확보하고 있다. 네이버(6.05%)  포스코홀딩스(5.2%)  코웨이(5.07%)도 블랙록의 투자 목록에 포함됐다. 이 중 가장 많은 지분 가치를 보유한 종목은 삼성전자다. 보유 지분 가치는 25조4431억원으로  이재용 회장(8조2509억원)의 삼성전자 지분 가치의 3배 이상이다. 삼성 오너 일가 전체 지분 가치(24조5993억원)보다 많다. 다음으로 KB금융(2조8900억원)  네이버(2조2159억원)  신한지주(2조3150억원)  하나금융지주(1조6394억원)  우리금융지주(1조1929억원)  포스코홀딩스(1조1715억원) 등이 뒤를 이었다. 블랙록이 보유한 종목 중 수익률이 가장 높은 종목은 KB금융이다. 2021년 2월 주당 3만5000원대에 매입했는데  이 종목의 전날 주가는 11만5400원이었다. 수익률이 223%에 달한다는 계산이다. 블랙록은 이 종목에서만 2조원에 육박하는 평가차익을 올린 것으로 추정된다. 삼성전자의 수익률은 89.3%로 나타났다. 블랙록은 2019년 1월 삼성전자 주가가 4만5000원대일 때 약 3억 주를 확보해 3대주주에 올랐다. 현재까지 보유 중인 것으로 파악되며  해당 지분에서만 12조원의 수익을 거둔 것으로 보인다. SK하이닉스의 경우 2018년 5월 주가가 8만6000원대일 때 지분율을 5%까지 늘렸고  이후 일부를 매도했다. 지금도 4%대 지분을 보유한 것으로 알려졌다. 당시 매수한 주식을 그대로 가지고 있다면 수익률은 무려 319%에 이른다. 증권업계는 블랙록이 미·중 무역분쟁과 글로벌 증시 불안으로 국내 증시가 흔들렸던 2018년부터 저평가된 반도체를 집중적으로 사들인 덕분에 높은 수익을 거둔 것으로 보고 있다. 블랙록이 삼성전자와 SK하이닉스를 매수할 당시 이들 기업의 주가수익비율(PER)이 각각 10배  7배로 유가증권시장 평균에도 못 미치는 수준이었다는 점에서다. 저평가된 시점에 우량주를 집중 매입해 오랜 기간 보유하는 전략이 주효했다는 분석이 제기된다. 한 증권사 관계자는 “블랙록은 장기 투자 목적 아래 저평가된 시총 상위주를 사들이는 방식으로 꾸준히 성과를 내고 있다”며 “높은 수익을 내는 글로벌 운용사의 투자 종목에 주목할 필요가 있다”고 말했다. 전예진 기자 ace@hankyung.com Copyright © 한국경제. 무단전재 및 재배포 금지.,http://v.daum.net/v/20250924172448348
2025. 9. 24. 16:15,[마켓칼럼] 코스피 5000  가보지 않은 길에 대한 두려움,※한경 마켓PRO 텔레그램을 구독하시면 프리미엄 투자 콘텐츠를 보다 편리하게 볼 수 있습니다. 텔레그램에서 ‘마켓PRO’를 검색하면 가입할 수 있습니다  개인투자자의 등장  주식시장 생태계 변화의 신호탄 "요즘 주식시장이 좋다고 하던데  너는 좀 어떠니?" 며칠 전 시골에 계시는 어머니로부터 받은 예상치 못한 질문이었다. 여의도에 몸담은 지 이십 년이 되는 동안 한 번도 들어본 적이 없는 물음이었다. 필자의 어머니에게 주식은 늘 도박처럼 위험하기만 한 존재였으니 의외가 아닐 수 없었다. 과거 업계에서는 편견 섞인 농담도 있었다. ‘증권사 객장에 아이를 포대기로 업은 전업주부들이나 군복입은 군인들이 등장하면 그때가 꼭지다’. 평소 주식과 거리가 멀던 일반인들이 뛰어들기 시작하면 그게 곧 버블의 신호라는 해석이었다. 하지만 지금은 상황이 완전히 달라졌다. 여전히 ‘무지성 투자’를 하는 일부 개인들이 있겠지만  전반적으로 평가해보자면 과거의 개인들과 현저히 다르다. 이는 단순한 투자자 개인의 변화를 넘어  주식시장 생태계 전반의 구조적 변화를 예고하는 신호로 읽힌다. 현재의 개인투자자들은 정보 접근성 향상  투자 도구의 다양화  제도적 지원 확대라는 환경 변화 속에서 보다 합리적인 투자행태를 보이는 경우가 늘고 있다. 우선 스마트폰의 보급과 모바일 주식 거래 앱 확산으로 개인투자자들의 시장 접근성이 획기적으로 높아졌다. 또 증권사 홈트레이딩시스템(HTS) · 모바일트레이딩시스템(MTS) 뿐만 아니라  네이버  유튜브 등에서 투자자들의 눈높이에 맞춘 실시간 정보와 데이터들이 쏟아져 나오면서 개인들의 주식시장 이해도가 올라가고  정보의 비대칭성은 점차 줄어들고 있다. 더 나아가 개인종합자산관리계좌(ISA)  개인형 퇴직연금(IRP) 계좌와 같은 세제 혜택  퇴직연금 확정기여형(DC) 확대 등 제도적 지원을 통해 개인투자자들은 주식시장과 한층 더 친밀해지고 있다. 특히 디지털 환경에 익숙한 MZ세대는 “자산 증식이 곧 개인의 역량”이라는 인식을 바탕으로 그 어느 세대보다 주식시장에 적극적으로 참여하고 있다. 이들의 활발한 참여는 단순히 시장의 유동성을 높이는 것을 넘어  시장의 역학관계 자체를 바꾸고 있다. 과거 ‘기관 주도 – 개인 추종’이라는 생태계가 ‘기관-개인 경쟁 및 견제’라는 새로운 구조로 진화하고 있는 것이다. 이제 개인들의 집단적 힘이 특정 주식의 가격을 움직이기도 하고  심지어 개인 투자자들이 공매도 세력에 맞서 강력한 영향력을 행사하기도 한다. 2023년 국내 이차전지 열풍을 이끈 선두주자는 증권사의 애널리스트가 아닌 유명한 경제 유튜버였다. 올해도 일부 대형주들이 소수의 개인 유튜버 방송을 계기로 단 하루만에 큰 폭의 상승을 기록하기도 했다. 미국에서는 2021년 레딧 같은 온라인 커뮤니티의 개인 투자자들이 똘똘 뭉쳐 게임스톱에 공매도 포지션을 취한 헤지펀드에 맞서 대량 매수를 함으로써 주가를 폭등시키고  이로 인해 헤지펀드들이 막대한 손실을 입기도 했다. 개인투자자들의 시장 지위가 바뀌었음을 전세계에 보여준 상징적인 사건이었다. 국내에서도 앞서 소개한 이차전지 열풍 때  여러 헤지펀드들이 공매도 포지션을 취했는데  유튜버들을 선두로 많은 개인 투자자들이 대량 매수에 힘을 실었고  이를 감당하지 못했던 한 해외 헤지펀드의 매니저가 결국 포지션을 손절한 후 해고를 당했다는 소문이 돌기도 했다. 심지어 당시 이차전지에 대해 과열신호를 보낸 한 증권사의 애널리스트는 이에 불만을 품은 개인투자자들로부터 출퇴근길에 협박을 받았다는 말도 있다. 개인투자자 증가의 긍정적 측면과 함께 주의할 점도 있는 것이다. 정보 비대칭 완화에도 불구하고 여전히 존재하는 투자 경험 격차  소셜미디어를 통한 정보 확산의 양면성  그리고 집단 심리에 따른 변동성 확대 가능성 등이다. 무분별한 정보의 홍수는 상대적 열위에 있는 투자자들을 호도할 수 있고  그에 따른 집단적 매수세가 단기적인 과열을 부추기고  기업의 본질가치와 무관한 가격변동을 초래할 수도 있다. 그리고 그런 과열은 지속불가능하다는 것을 우리는 수없이 봐왔다. 우리나라는 이미 2020년에 개인들이 보유한 주식 계좌가 5000만 개를 돌파했다. 비단 우리나라만이 아니라  글로벌 주요 국가들이 공통적으로 보이는 현상으로  이는 전 세계적인 투자 패러다임의 대전환을 시사한다. 블랙록의 조사에 따르면  세계에서 가장 저축을 많이 하는 독일조차 2022년 이래 3백만명 이상의 개인들이 주식 투자를 시작했다. 10년 전보다 주식을 보유한 개인의 숫자는 44%나 증가했고  그로 인해 2017년 이후 독일에 상장된 상장지수펀드(ETF)의 자산규모는 2배로 확대되었다. 이런 흐름은 개인들의 단순한 투기적 열풍에 그치지 않고  ‘저축에서 주식투자로’  ‘부동산에서 주식투자로’ 옮겨가는 자산 배분의 패러다임 전환을 의미한다. 개인투자자의 증가는 단기적인 가격 변동을 넘어  전 세계 금융시장 구조와 기업 지배구조  그리고 자본시장 문화 전반을 재편하는새로운 시장 생태계의 신호탄으로 읽어야 한다. 다만 이러한 변화가 시장 전체의 효율성 증대로 이어지기까지는 시간이 필요할 것이며  투자자 교육 확대와 시장의 안정성을 유지할 수 있는 다양한 장치들의 병행적 발전이 요구된다. 기관 투자자들의 심리적 저항: 역사적 고점에서의 신중론 코스피 지수는 지난 금요일(19일) 기준으로 연초 대비 43.58%가 상승했다. 세계 주요 주가지수 중 가장 큰 폭의 상승세였다. 이런 훈풍을 타고 국내 주식형 펀드에는 유례없는 대규모 자금들이 기관과 리테일로부터 유입되었다. 현장에서 실감하는 바로는 가히 1990년대 말 ‘바이코리아 펀드’ 때나 2000년대 중반 ‘미래에셋 인사이트 펀드’ 열풍을 넘어서는 수준이다. 신규 주식형 헤지펀드들이 판매사에 걸리기만 하면 완판이 된다는 뉴스가 심심치 않게 보도된다. 헤지펀드를 운용하는 상위 운용사 중에는 순자산총액이 올들어 1조 원 이상 증가한 곳들도 여럿이다. 신규 자금 유입과 기존 자금의 운용수익으로 인해 자산이 늘어난 덕분이다. <출처: 블룸버그> 그런데 아이러니하게도  근래 여러 펀드 매니저들을 만나보면 향후 주가 방향에 대한 그들의 심리적 장벽을 느꼈다. 코스피가 단군 이래 가장 높은 수준에 도달한 지금  그 이후를 상상하는 일이 매니저들에게는 오히려 큰 부담으로 다가오는 것이다. 가보지 않은 길에 대한 낯섦과 막연한 두려움이라고 본다. 이런 심리적 장벽에는 여러 요인이 작용하는데  미국발 관세 전쟁을 비롯해 대내외 경제적 여건의 불확실성이 어느 때보다 커진 지금 상황에서 과연 코스피가 4000을 넘어 5000의 시대를 열 수 있을지에 대한 의심이 실제로는 자본시장의 기관 참여자들에게 존재하는 것이다. 하지만 이는 역설적으로  그들이 지나치게 오랜 기간 ‘코리아 디스카운트’에 익숙해진 나머지  정작 전문가들조차 한국 증시의 저평가 현실을 제대로 인정하지 못한다는 방증일수도 있다. 숫자가 말해주는 코스피의 여력 물론 TSMC의 압도적 수익성과 성장성을 고려하면 높은 밸류에이션에는 합리적 근거가 있다. 하지만 이를 감안하더라도 한국과 대만의 전반적인 경제 규모나 발전 수준을 종합적으로 고려할 때  양국 증시의 시가총액 격차가 이 정도까지 벌어질 이유는 충분하지 않아 보인다. 2024년 한국의 명목 GDP는 1조 8 700억 달러로 전세계 12위  대만은 7700억 달러로 22위에 그쳤다. 명목 1인당 GDP 역시 한국 3만6132달러  대만 3만3234달러로 한국이 앞선다. 구매력평가(PPP) 기준으로는 2023년 대만이 7만2485달러  한국이 5만6709달러로 대만이 높지만  이는 대만의 상대적으로 낮은 물가 수준이 반영된 것으로  실질 생활수준 측면에서 대만이 우위를 보인다고 해석할 수 있다. 다만 자본시장에서 더 중요하게 평가받는 명목 GDP 규모나 임금 수준에서는 한국이 앞선다. 지난 3월에 중국시보 등 대만언론이 보도한 바에 따르면  올해 대만의 대졸자 초임연봉은 약 1780만원 수준에 머문다. 반면 한국경영자총협회의 올 초 발표에 따르면  우리나라 대졸자 초임은 2023년 기준 3675만원으로 대만의 두배 수준이다. 물가 차이를 감안하더라도 명목 소득 격차는 상당하며  가계의 소비 여력 측면에서 한국이 우위에 있다고 볼 수 있다. 무엇보다 대만 경제와 자본시장은 TSMC 의존도가 상당히 높다. TSMC는 GDP의 약 15%를 차지한다. 또 1034개 종목으로 구성된 대만 가권지수(TWSE)에서는 TSMC의 단일 종목비중이 무려 39.9%에 달한다. 대만의 높은 1인당 GDP(PPP)와 주가지수 상승은 상당부분 ‘TSMC 프리미엄’이 반영된 결과인 셈이다. 물론 한국도 삼성전자의 코스피 비중이 17%에 달하지만  코스피는 이 외에도 반도체  이차전지  바이오  금융  자동차  조선  소비재 등 내수 및 글로벌 시장에서 활약하는 다양한 산업 포트폴리오로 구성되어 있어 단일 기업 의존도가 상대적으로 낮고 리스크 분산 효과도 크다. 가보지 않은 길을 가려면: 구조적 혁신이 답이다 블룸버그가 추정한 코스피의 예상 포워드 PER은 약 12배에 불과하다. 이는 MSCI 이머징마켓지수의 15배와 비교해도 낮으며  단순히 이 수준만 인정받아도 코스피는 4300포인트까지 갈 수 있다. 나아가 대만이 적용 받는 19배의 밸류에이션을 대입하면  5400포인트도 가능하다. 다시 말해  한국 증시가 단지 글로벌 평균 수준의 평가만 회복해도 현재 대비 최소 25% 이상의 상승 여력을 보유하고 있다는 뜻이다. 물론 위에서 언급한 숫자는 목표수익률을 의미하는 것은 아니며  단순한 예시일 뿐이다. 또한 PER이라는 지표 하나로 적정 주가를 판단하는 것은 분명한 한계가 있다. 국가별 리스크 프리미엄  유동성  경제 성장률 등 다양한 요인이 밸류에이션에 영향을 미치기 때문이다. 하지만 이러한 한계를 감안하더라도 한국 증시의 구조적 저평가 가능성은 여전히 유의미하다. 그러나 이러한 계산은 그저 희망회로에 그쳐서는 안 된다. ‘코리아 디스카운트’의 핵심 원인 – 낮은 기업지배구조 투명성  경직된 제도  비친화적인 투자자 정책 – 이 실질적으로 개선되고 있다는 사실이 국내외 투자자들에게 충분히 증명되고 납득되어야 한다. 구조적 개혁은 하루 아침에 뚝딱하고 이뤄지지 않으며  우리가 지향하는 바람직한 기업 지배구조와 지속가능한 성장모델의 정착은 수년에 걸친 점진적 과정이 될 것이다. 따라서 앞으로의 주가는 비록 단순한 수급이나 일시적 자금 유입에 의해 변동성을 띌 수는 있겠지만  좀 더 길게 보면 구조적 개혁의 진행 속도와 그 과정에서 제시되는 마일스톤 등에 따라 합리적인 궤도를 찾을 것이다. 근본적 개선이 없이 코스피 5000에 금방이라도 도달할 것처럼 기대하는 것은 성급하고 위험하다. 지금 필요한 것은 버블을 경계하되  구조적 저평가를 직시하고 이를 구조적인 혁신으로 연결하려는 집단적인 의지다. 구체적으로는 기업지배구조 개선  주주친화정책 확대  규제 혁신 등이 단계적으로 이뤄져야 하며  이를 위해서는 정부  기업  투자자 모두의 협력이 필요하다. 그 의지를 실천할 때 비로소 한국 증시는 신뢰 기반의 리레이팅(re-rating)을 경험할 것이다. 그때 우리는 글로벌 시장과 진짜 어깨를 나란히 할 수 있다. Copyright © 한국경제. 무단전재 및 재배포 금지.,http://v.daum.net/v/20250924161530935
2025. 9. 24. 15:51,故이건희 5주기  내달 20일 음악회로 추모…이재용 메시지 관심,음악회는 고인 별세 이후 3주기 때부터 이어졌지만  이번 5주기는 단순 추모를 넘어 그룹의 현재와 미래 전략을 되짚는 계기가 될 것으로 보인다. 24일 재계에 따르면 추모 음악회는 경기 용인 삼성전자 인재개발원에서 열리며 세계적 음악가들이 무대에 올라 이건희 회장이 강조했던 ‘문화와 예술의 힘’을 재조명한다. 유족인 이재용 삼성전자 회장  홍라희 전 삼성미술관 리움 관장  이서현 삼성물산 사장  이부진 호텔신라 사장 등 유족을 비롯해 삼성 사장단과 임직원  협력사 대표  문화계 인사  인근 주민 등 약 1000명이 참석할 예정이다. 삼성은 다음 달 24일에는 경기도 수원시 선영에서 선대회장 3주기 추도식을 연다. 원래 기일은 10월 25일이지만 이날이 토요일인 점을 고려해 올해는 하루 앞당겨 진행한다. 이번 추도식에는 이재용 회장을 비롯해 홍라희 전 관장  이서현·이부진 사장 등 유족과 삼성 사장단이 함께할 예정이다. 추도식 직후인 27일은 이재용 회장이 회장직에 오른 지 3년이 되는 날이다. 별도 기념행사가 치러질 가능성이 높지 않지만 재계에서는 이번 5주기와 이재용 회장 취임 3년을 계기로 메시지를 낼 가능성에 주목하고 있다. 특히 ‘승어부(承於父·아버지를 잇는다)’라는 의미를 담아 선대 회장의 유산을 계승하고 새로운 도전을 촉구하는 발언을 내놓을지 관심이 쏠린다. 최근 삼성전자가 반도체 업황 반등과 주가 회복세가 이어지면서  이 회장이 대내외적으로 새로운 도약 의지를 드러낼 적기라는 분석도 나온다. 이 회장은 2022년 이건희 회장 2주기에 계열사 사장단과의 오찬에서 “세상에 없는 기술에 투자해야 한다”며 “지금은 더 과감하고 도전적으로 나서야 할 때”라고 강조한 바 있다. Copyright © 매일경제 & mk.co.kr. 무단 전재  재배포 및 AI학습 이용 금지,http://v.daum.net/v/20250924155121612
2025. 9. 24. 15:51,코스피  외국인 매도에 하락 마감…코스닥선 바이오주 '우수수',코스피가 하락마감했다. 외국인이 현·선물을 합쳐 6000억원에 달하는 매물을 쏟아내면서다. 24일 코스피는 전일 대비 14.05포인트(0.4%) 내린 3472.14에 거래를 마쳤다. 외국인이 유가증권시장에서 2495억원어치 현물주식과 3548억원어치 코스피200선물을 팔아치우며 지수하락을 주도했다. 개인과 기관은 각각 48억원어치와 2123억원어치 주식을 순매수했다. 시가총액 상위 종목들은 혼조세였다. 삼성전자는 0.83% 올랐지만  SK하이닉스는 0.97% 하락했다. 간밤 뉴욕증시에서 엔비디아가 3% 가까이 하락한 여파다. LG에너지솔루션도 2.52% 하락했다. 반면 한화에어로스페이스는 5.38% 올랐다. 도널드 트럼프 미국 대통령이 러시아에 대한 강경 발언을 내놓으면서다. 이재명 대통령과 볼로디미르 젤렌스키 우크라이나 대통령의 정상회담에서 원전 협력 방안이 논의된 영향으로 두산에너빌리트는 4.44% 올랐다. 코스닥은 11.27포인트(1.29%) 내린 860.94에 마감됐다. 이 시장에서는 개인이 4350억원어치 주식을 순매수한 반면  외국인과 기관은 각각 2546억원어치와 1698억원어치를 팔았다. 코스닥 시가총액 상위 종목들은 대부분 내렸다. HLB만 올랐따. 나머지 바이오 대형주들은 낙폭이 크게 나타났다. 특히 삼천당제약과 에이비엘바이오가 각각 8.33%와 8.43% 하락했다. 알테오젠과 펩트론의 낙폭도 각각 3.63%와 5.84%였다. 서울외환시장에서 원·달러 환율은 전일 대비 3.1원(0.22%) 오른 달러당 1397.1원에 거래되고 있다. 한경우 한경닷컴 기자 case@hankyung.com Copyright © 한국경제. 무단전재 및 재배포 금지.,http://v.daum.net/v/20250924155147633
2025. 9. 24. 15:42,“내년 CES의 키워드는 AI 기반 양자...CES 때 비자 문제는 없을 것”,내년 1월 미 라스베이거스에서 열리는 세계 최대 테크 전시회인 ‘CES 2026’에서 인공지능(AI)에 이어 양자 기술이 본격 다뤄진다. CES를 매년 주관하는 미소비자기술협회(CTA)는 24일 서울 조선팰리스에서 기자간담회를 갖고 내년 1월 열리는 CES 행사와 비전을 소개했다. 이번 CES 주제는 ‘혁신가들의 무대(이노베이터스 쇼 업·Innovators Show up)’이다. 게리 샤피로 CTA 최고경영자(CEO) 겸 부위원장은 “내년 CES에서는 AI가 모든 제품과 서비스 전반에 두드러질 것”이라며 “특히 AI와 블록체인  양자 기술을 집중 조명하는 CES 파운데이션 프로그램을 선보일 것”이라고 했다. 매년 CES는 기술 트렌드에 맞춰 새로운 전시 영역을 확대했다. 전자 중심에서 자율주행차 등 자동차 산업까지 포함하고 우주(스페이스) 테크  푸드 테크까지 포함하며 몸집을 불려왔다. 내년에는 에듀테크(교육)  엔터프라이즈 테크(기업 기술)  영화와 같은 콘텐츠를 제작하고 배급하는 기술  여성 건강에 맞춘 테크  물류·공급망 관련 기술  여행·관광에 적용된 기술 등이 새롭게 전시된다. 샤피로 CEO는 “CES의 역할 중 하나는 미래를 보여주는 것”이라며 “10년간 CES에서 AI가 이야기됐는데 지금 현실화되고 있다. 이제 로봇  헬스케어  양자(퀀텀) 등이 거론된다”고 했다. 그는 “몇 년간 양자에 대해 이론적으로만 이야기했지만 이제는 이를 활용한 컴퓨팅 파워와 플랫폼이 등장하고 있다”며 “CES에서 양자 기술을 촉진하고 AI의 기반이 되는 양자를 조명할 것”이라고 했다.  CES에는 한국 기업들이 많이 찾는다. 올 1월 CES 참가자를 국적별로 보면 미국에 이어 한국이 두번째였다. 샤피로 CEO는 “한국은 세상을 재편하는 기술을 선도하는 글로벌 혁신의 중심지”라며 “한국 기업은 1967년 LG전자에 인수된 미국 가전 업체 제니스가 CES에 참석하면서 CES와 오랜 인연을 맺고 있다”고 했다. 최근 국내 테크 업계에선 미 조지아주 현대차-LG에너지솔루션 공장의 한국인 구금 사태와 관련해  내년 CES에서도 비자 문제가 불거질 수 있다는 우려가 나온다. 이에 샤피로 CEO는 “한미 관계를 고려할 때 현대차 구금 사태는 안타깝지만  백악관 지시에 따른 것은 아니라고 생각한다. 이는 실수라고 생각된다”며 “재발되는 일은 없을 것이고 심각한 비자 문제는 없을 것”이라고 했다. 킨제이 파브리치오 CTA 회장은 “최대한 많은 정보를 참가 기업과 참석자에게 지원하기 위해 노력하고 있다”며 “미 정부와 비자 문제로 긴밀히 소통하고 있다”고 했다. CES 2026은 내년 1월 6~9일 미국 라스베이거스에서 개최된다. 리사 수 AMD CEO와 양위안칭 레노버 CEO가 기조연설을 맡는다. LG전자가 라스베이거스 컨벤션센터(LVCC) 메인 홀인 센트럴홀에서 전시를 열고  삼성전자는 처음으로 LVCC가 아닌 다른 공식 장소인 윈 호텔에서 단독 전시를 진행한다. Copyright © 조선일보. 무단전재 및 재배포 금지.,http://v.daum.net/v/20250924154246165
2025. 9. 24. 15:18,AI 훈풍에 ‘반도체의 봄’ 왔나…‘깜짝 실적’ 마이크론  삼성·SK도 달릴까,24일 관련 업계에 따르면 마이크론은 2025 회계연도 4분기(6~8월) 매출이 전년 동기 대비 46% 증가한 113억 2000만 달러(약 15조 8000억 원)  조정 영업이익은 39억 6000만 달러(약 5조 원)를 기록했다. 조정 주당순이익(EPS)은 전년 대비 156.8% 급증한 3.03달러로  월가 예상치(매출 111억 2000만 달러  EPS 2.87달러)를 모두 뛰어넘는 ‘어닝 서프라이즈’다.  산제이 메흐로트라 마이크론 최고경영자(CEO)는 “마이크론은 미국에 본사를 둔 유일한 메모리 제조업체로서 앞으로 다가올 AI 기회를 독보적으로 활용할 수 있는 위치에 있다”며 2026년에도 성장세를 자신했다. 업계에서는 ‘메모리 슈퍼사이클’에 대한 기대감이 확산되고 있다. 메모리 시장이 AI 서버  자동차 등 다양한 수요처로 확대되고 HBM·DDR5 등 고부가가치 제품 중심으로 빠르게 전환됨에 따라 삼성전자와 SK하이닉스 역시 AI 및 첨단 서버용 메모리의 성장세를 기반으로 중장기 실적 모멘텀을 강화할 전망이다.  SK하이닉스는 엔비디아 등 글로벌 AI 기업에 HBM3E 공급이 본격화하며 10조원대 영업이익 복귀가 점쳐지고 있고 삼성전자 역시 고부가 메모리 중심의 포트폴리오 강화로 경쟁력을 높이고 있다. 김동원 KB증권 연구원은 “HBM 시장 지배력 강화  D램 수요 급증 등으로 3분기와 4분기 역대 최고 분기 실적을 경신  전년대비 약 43% 증가한 56조원의 영업이익이 기대된다”며 “3분기 영업이익은 전년대비 56% 증가한 11조원 수준으로 3분이 영업이익 10조원을 돌파하는 것은 창립 이래 처음”이라고 분석했다. 실제 마이크론은 6세대 고대역폭메모리(HBM4) 제품에서 업계 최고 수준인 초당 11기가비트(Gbps) 이상의 속도를 확보했다고 자신감을 표명하며 HBM4 제품의 양산과 공급을 서두르고 있다. 이러한 공격적 투자와 신제품 출시는 삼성전자  SK하이닉스와 함께하는 글로벌 메모리 빅3 간 경쟁을 더욱 격화시킬 전망이다. 더불어 글로벌 공급 경쟁 심화와 미중 무역 갈등 역시 향후 업계 변수로 지목된다. 김동관 메리츠증권 연구원은 “투자 필요성은 커지고 있지만 반도체 업체들의 현금 지출 여력은 빠듯한 상황”이라며 “HBM과 레거시 메모리 수요 증가를 앞두고 메모리 기업들의 고민이 깊어질 것”이라고 말했다. 이어 “미국 내 반도체 투자도 중기 수익성에 부담을 가중하는 요인으로 작용하고 있다”고 덧붙였다. Copyright © 매일경제 & mk.co.kr. 무단 전재  재배포 및 AI학습 이용 금지,http://v.daum.net/v/20250924151800816
2025. 9. 24. 15:11,삼성전자 하만  美마시모 오디오 사업 인수 마무리… 글로벌 컨슈머 오디오 장악력 강화,삼성전자가 오디오 자회사 하만 인터내셔널을 통해 미국 마시모사의 오디오 사업부인 사운드 유나이티드를 3억5000만 달러(약 5000억원)에 인수하는 절차를 마무리했다고 24일 밝혔다. 지난 5월 인수 계약(SPA)을 맺은지 약 4개월여 만이다. 사운드 유나이티드는 바워스앤윌킨스(B&W)를 비롯해 데논  마란츠  폴크  데피니티브 테크놀로지 등의 브랜드를 보유하고 있다. 하만은 사운드유나이티드를 하만 라이프스타일 사업부 내 독립전략사업부로 운영할 예정이다. 각 브랜드의 헤리티지와 전문성  브랜드 정체성을 유지하기 위한 차원이라는 게 회사 측의 설명이다. 삼성전자는 성장성이 큰 글로벌 컨슈머 오디오 시장 장악력을 더 끌어올린다는 방침이다. 하만은 하만카돈  JBL  뱅앤올룹슨  마크 레빈슨 등 프리미엄 브랜드를 기반으로 지난해 포터블 오디오에서 시장 점유율 약 60%를 기록하며 1위를 유지하고 있다. 이번에 B&W 등과 같은 하이엔드 브랜드를 추가로 품으면서 글로벌 오디오 업계의 강자로 확실하게 자리매김하게 됐다. 퓨처소스와 IDC에 따르면 스피커  헤드폰 등 일반 소비자용 오디오 시장은 올해 608억달러(약 84조3000억원)에서 2029년 700억달러(약 97조900억원)로 15% 이상 커질 전망이다. 데이브 로저스 하만 라이프스타일 사업부문 사장은 "이번 인수는 의미 있는 성장 기회를 열어줄 것"이라며 "하만은 독보적인 성공 사례를 바탕으로 오디오 업계 선도 기업으로서 성장 전략을 강화할 것"이라고 말했다. 김채연 기자 why29@hankyung.com Copyright © 한국경제. 무단전재 및 재배포 금지.,http://v.daum.net/v/20250924151138467
2025. 9. 24. 15:07,가전 회사가 오디오에 공들이는 이유는,삼성전자의 자회사 하만 인터내셔널은 미국 마시모의 오디오 사업부인 사운드 유나이티드를 3억5000만달러(약 5000억원)에 인수하는 절차를 완료했다고 24일 밝혔다. 이번 인수는 2017년 하만 이후 8년 만의 대규모 인수·합병(M&A)이었다. 사운드 유나이티드는 하만 라이프스타일 사업부 내 독립전략사업부로 운영될 예정이다. 각 브랜드의 전문성과 정체성을 유지하기 위해서다. 사운드 유나이티드는 바워스앤윌킨스(B&W)를 비롯해 데논  마란츠  폴크  데피니티브 테크놀로지 등을 포함한다. 하만은 JBL  하만카돈  AKG  인피니티  마크 레빈슨 등 프리미엄 브랜드를 기반으로 지난해 포터블 오디오에서 시장 점유율 약 60%를 기록했다. 순위로 1위다. 하만은 이번 인수를 통해 성장하는 컨슈머 오디오 시장에서 글로벌 1위 입지를 굳히겠다는 전략이다. 데이브 로저스 하만 라이프스타일 사업부문 사장은 “이번 인수는 의미 있는 성장 기회를 열어줄 것”이라며 “하만은 독보적인 성공 사례를 바탕으로 오디오 업계 선도 기업으로서 성장 전략을 강화할 것”이라고 했다. LG전자도 오디오 사업을 조 단위로 키우겠다는 목표를 세우고  오디오 사업에 집중하고 있다. 무선 오디오 브랜드 ‘LG 엑스붐’도 론칭한 뒤  신제품을 잇따라 출시하고 있다. 오디오에서 포터블  웨어러블  홈 등 제품군을 세분화하고 있다. 이처럼 가전 기업들이 오디오에 공들이는 이유는 오디오가 기존 가전 사업과 시너지를 낼 수 있기 때문이다. 특히 좋은 음질을 구현한 TV는 프리미엄 시장에서 경쟁사들과 차별화할 수 있는 지점이다. AI(인공지능) 전자 기기들이 발전하면서 음성 제어의 기반이 되는 마이크  스피커 기술 경쟁도 나타나고 있다. 또한 오디오는 모빌리티 시장 진출을 위한 발판이기도 하다. 차 안에서 보내는 시간이 많아지면서 오디오의 중요성이 커지고 있기 때문이다. Copyright © 조선일보. 무단전재 및 재배포 금지.,http://v.daum.net/v/20250924150738241
2025. 9. 24. 14:45,미래에셋 “조방원 다음은 금·반·지…3차 상법 개정안 주목”,이날 미래에셋자산운용에 따르면 최근 정부가 3차 상법 개정안의 본격 추진 계획을 발표하면서 시장의 이목이 집중된 테마는 ‘금융’과 ‘지주회사’다. 증권  지주회사  은행주  고배당주는 국내 증시 부흥을 위한 정부 정책과 맞물려 올해 들어 상승세를 이어가고 있다. 글로벌 금융시장에서는 ‘금’ 가격의 강세가 지속되고 있다. 미국 연방준비제도의 기준금리 인하 가능성과 지정학적 리스크 확대가 맞물리며 안전자산인 금에 대한 수요가 꾸준히 늘어날 것으로 전망됐다. 이에 따라 금 관련 자산 역시 투자자들의 관심을 받고 있다. 다음 주목할 테마는 ‘반도체’가 지목됐다. 삼성전자가 13개월 만에 주가 8만원대를 회복하는 등 미국의 AI 인프라 투자 확대가 국내 반도체 기업들의 실적 개선으로 이어질 것이라는 기대가 커지고 있다. 특히 글로벌 공급망 재편과 첨단 산업 육성 정책에 힘입어 반도체 업황 개선세는 당분간 이어질 것으로 전망됐다. 미래에셋자산운용은 ‘금∙반∙지’ 테마에 효과적으로 투자할 수 있는 대표 TIGER 상장지수펀드(ETF)로 ‘TIGER 증권’  ‘TIGER 은행고배당TOP10플러스’  ‘TIGER KRX금현물’  ‘TIGER 반도체TOP10’  ‘TIGER 지주회사’ 등을 추천했다. 이승원 미래에셋자산운용 디지털플랫폼본부장은 “올해 상반기 국내 증시를 견인했던 ‘조∙방∙원’ 테마에 이어 앞으로는 ‘금∙반∙지’가 새로운 성장 동력이 될 것”이라고 말했다. 한편  미래에셋자산운용은 ‘금반지 투자하고 금반지 받자’ 이벤트도 진행한다고 밝혔다. 10월 31일까지 추천된 ETF 5종의 매수 조건을 충족한 고객 중 추첨을 통해 실물 금반지를 지급한다. 이벤트는 TIGER ETF 홈페이지를 통해 참여 가능하다. Copyright © 매일경제 & mk.co.kr. 무단 전재  재배포 및 AI학습 이용 금지,http://v.daum.net/v/20250924144503900
2025. 9. 24. 14:32,삼성보다 급여 많은데…금융노조 “임금협상 결렬  26일 총파업”,김형선 노조위원장은 24일 총파업 선언문에서 “어제(23일) 교섭 결과”라며 “조용병 은행연합회장은 끝내 구체적인 임금 인상안을 내놓지 않았다”고 했다. 이어 “주 4.5일제와 관련해서는 여전히 논의조차 거부했다”며 “9·26 총파업은 더 이상 피할 수 없는 선택”이라고 했다. 금융노조는 임금 인상  주 4.5일제 전면 도입 등을 요구하고 있다. 그간 노조는 사용자 측과 교섭했지만  주요 요구 사항이 수용되지 않았다. 이에 노조는 이달 1일 조합원 대상 쟁의행위 찬반 투표(찬성률 94.98%)를 실시한 뒤 이날 총파업을 선언했다.  Copyright © 동아일보. All rights reserved. 무단 전재  재배포 및 AI학습 이용 금지,http://v.daum.net/v/20250924143213000
2025. 9. 24. 14:27,국내 반도체 ETF 중 3개월 수익률 1위는 ‘HANARO Fn K-반도체’,한국거래소에 따르면 지난 22일 기준 HANARO Fn K-반도체의 3개월 수익률은 36.25%로 집계됐다. 이는 레버리지를 제외한 국내 주식에 투자하는 반도체 ETF 중 가장 높은 수익률이다. HANARO Fn K-반도체는 한국을 대표하는 반도체 기업 20종목에 투자하는 ETF다. 유동시가총액 가중 방식으로 구성한 것이 특징으로  지난 22일 기준 삼성전자와 SK하이닉스의 비중이 50.8%에 달한다. 이는 국내 주식형 반도체 ETF 중 가장 높은 비중으로 최근 HANARO Fn K-반도체가 우수한 성과를 거둔 요인으로 작용했다. 최근 국내 반도체 기업을 대표하는 ‘톱2’ 삼성전자와 SK하이닉스는 HBM4 양산 및 납품 기대  NAND 및 레거시 DRAM 가격 인상에 따른 실적 개선 전망이 반영되며 큰 폭의 상승세를 보였다. 여기에 더해 국내 반도체 산업에 대해 비관적 시각을 지녔던 모건스탠리가 최근 긍정적인 전망을 내놓으면서 기대감이 커졌다. 모건스탠리는 삼성전자를 최선호주로 선정하고 목표주가를 기존 8만6000원에서 9만6000원으로 상향 조정했다. SK하이닉스 역시 투자 의견을 상향하고 목표주가도 26만원에서 41만원으로 대폭 인상했다. HANARO Fn K-반도체는 삼성전기를 가장 높은 비중으로 담고 있기도 하다. 삼성전기는 주요 제품인 MLCC(적층세라믹콘덴서)의 수요 급증에 따른 실적 개선 기대감에 상승세를 보이고 있다. AI 서버 한 대에 들어가는 MLCC 수가 일반 서버 대비 10배 이상 필요해 공급 부족 우려가 커졌기 때문이다. 한편  반도체 업황이 개선되면서 대형주뿐 아니라 중소형주에도 훈풍이 불고 있다. 반도체 핵심 생산공정 기업들을 담은 ‘HANARO 반도체핵심공정주도주’ ETF는 같은 기간 24.61% 상승했다. 김승철 NH-Amundi자산운용 ETF투자본부장은 “AI 인프라 투자의 낙수효과가 HBM등 첨단 반도체뿐 아니라 레거시 반도체까지 확산하는 추세”라며 “글로벌 반도체 산업의 호황이 당분간 이어질 것으로 기대되는 지금 K-반도체에 투자할 적기”라고 말했다. Copyright © 매일경제 & mk.co.kr. 무단 전재  재배포 및 AI학습 이용 금지,http://v.daum.net/v/20250924142701656
2025. 9. 24. 14:02,"韓비자 문제 재발 안할 것…미국 투자 환영한다",“현대차 사태는 미국의 실수 입니다. 미국은 한국 투자를 환영합니다." 세계 최대 IT·가전 전시회 CES를 주최하는 美 소비자기술협회(CTA)의 게리 샤피로 최고경영자(CEO) 겸 부위원장은 24일 서울 역삼동 조선팰리스에서 기자간담회를 이같이 밝혔다. 그는 조지아주 현대차-LG에너지솔루션 공장의 한국인 구금 사태 사태와 관련해 “이 사태는 미국 정부가 의도한 것으로 보인다”며 “미국과 한국의 긴밀한 관계를 고려할 때 실수다. 우리는 한국의 투자를 환영하고 한국 기업이 미국으로 오길 기대한다”고 밝혔다. 내년 1월 열리는 ‘CES 2026’의 비자 문제에 대해선 “날씨는 우리가 통제할 수 없지만 비자 문제는 해결할 수 있다”며 “당국과 비자 문제로 긴밀히 소통하고 있다”고 전했다. ‘CES 2026’은 내년 1월 6일부터 9일까지 미국 라스베이거스에서 개최된다. 리사 수 AMD CEO와 양위안칭 레노버 CEO가 기조연설을 맡으며 향후 연사는 추가될 예정이다. 이번 방한 기간 CTA 관계자들은 삼성전자  현대차  LG전자 등 주요 기업들을 만나 내년 전시회 운영은 물론 비자 발급 문제 등을 협의했다. 이날 CTA는 글로벌 허브로서 CES의 비전과 내년도 전시회 주제인 ‘Innovators Show Up’을 소개했다. 킨제이 파브리치오 CTA 회장은 “CES에는 글로벌 기술을 이끄는 대기업부터 빠르게 성장하는 스타트업까지 한국의 역동적인 기술 생태계를 전 세계에 선보인다”며 “이번 CES 2026에서 한국 기업들이 어떤 성과와 활약을 보여줄지 벌써 기대된다”고 말했다. CES 2026에서 한국 기업들은 몰입형 엔터테인먼트  모빌리티  헬스케어 등 다양한 분야에서 혁신을 선보일 예정이다. 로보틱스  에이전틱 AI 등 차세대 AI 솔루션이 대거 공개된다. 한국은 CES 2025 글로벌 혁신 성과표에서 ‘이노베이션 챔피언’으로 선정됐으며  다수의 한국 기업들이 2025년 CES 혁신상을 받았다. 박의명 기자 uimyung@hankyung.com Copyright © 한국경제. 무단전재 및 재배포 금지.,http://v.daum.net/v/20250924140251407
2025. 9. 24. 13:19,삼성전자보다 싸고 배당 더 많이 받는다…고수들 눈 돌린 곳이 [종목+],삼성전자가 고공행진을 이어가는 가운데 우선주에 대한 관심도 부풀어 오르고 있다. 보통주보다 주가가 덜 올라 저평가 매력이 커지면서다. 또 상법 개정으로 이사의 충실의무 대상이 '회사'에서 '회사 및 주주'로 확대돼 구형 우선주가 재평가될 것이라는 전망도 나온다. 24일 한국거래소에 따르면 전날 삼성전자우의 거래량은 243만8218주로 이달 초(102만2543주) 대비 2배 이상 불어났다. 지난 22일 하루 거래량은 308만3353주에 달했다. 메모리 반도체 업황 개선·5세대 고대역폭메모리(HBM3E) 12단 제품 엔비디아 품질 테스트 통과 기대감에 보통주가 급등하자 우선주에도 매수세가 몰린 모습이다. 외국인과 기관의 자금이 대거 유입됐다. 9월 들어 외국인은 삼성전자 우선주 3589억원어치를 순매수했다. 기관도 1026억원 매수 우위를 보였다. 하지만 우선주 주가 상승세는 보통주를 따라잡지 못했다. 이달 들어 전날까지 삼성전자는 21.52% 급등했다. 하지만 삼성전자우는 18.73% 오르는 데 그쳤다. 8월 말 삼성전자와 우선주의 종가는 각각 6만9700원  5만6600원으로 격차는 1만3100원 수준이었다. 하지만 보통주가 많이 오른 탓에 전날 기준 격차는 1만7500원으로 벌어졌다. 이 때문에 괴리율도 연중 최고치까지 높아졌다. 괴리율은 보통주와 우선주 간 주가 차이를 뜻한다. 상반기 삼성전자와 삼성전자우의 괴리율은 17% 수준을 유지했다. 하지만 삼성전자 보통주가 치고 나가며 지난 22일 괴리율은 연중 처음으로 20%를 돌파했다. 전날 기준 괴리율은 20.75%까지 치솟았다. 연중 최고 수준이다.  우선주는 보통주와 달리 의결권이 없기 때문에 일반적으로 보통주보다 저렴하다. 하지만 배당을 더 많이 받을 수 있다는 장점이 있다. 이 때문에 보통주와 괴리율이 높을수록 시가배당률이 높아져 배당 투자 매력이 커진다. 배당을 중시하는 투자자의 자금이 유입돼 보통주가 급격히 오르면 그 차이를 메우려는 움직임도 나타난다. 새 정부 출범 후 주주환원 기대감이 커졌고  금리가 하락기에 접어든 점도 긍정적이다. 금리 하락기에는 이자를 기대할 수 없기 때문에 배당주 매력이 부각된다. 코로나19 당시 기준금리는 0%대였다. 2021년 9월 9일 삼성전자 종가가 7만5300원일 때 우선주는 7만1700원까지 치솟기도 했다. 상법 개정으로 구형 우선주의 매력이 커질 것이라는 분석도 나온다. 이사의 충실의무가 주주 전체로 확대되며 보통주 성격을 가진 구형 우선주가 재평가받을 수 있다는 분석이다. 구형 우선주는 1980년대까지 발행된 전통적인 우선주다. '보통주 배당+1%' 형태의 배당만 보장된다. 배당우선권이라는 안전장치가 없어 보통주와 동일한 리스크를 지녔다. 기업에서 배당금을 지급하지 않으면 장점이 사라지는 구조다. 이경연 대신증권 연구원은 "이사의 충실의무가 공포 즉시 시행돼 보통주 주주 보호의 법적 기반이 강화했다"며 "구형 우선주는 본질적으로 보통주 성격을 갖기 때문에 충실의무가 실질적으로 작동할수록 보통주와 동일한 기준으로 평가될 여지가 크다"고 설명했다. 이어 "평판 리스크 관리와 거버넌스(지배 구조) 개선 유인이 강한 기업일수록 보통주가 재평가되면 구형 우선주도 괴리율이 줄어 추가 상승이 기대된다"고 덧붙였다. 진영기 한경닷컴 기자 young71@hankyung.com Copyright © 한국경제. 무단전재 및 재배포 금지.,http://v.daum.net/v/20250924131948775
2025. 9. 24. 11:03,“삼성전자 등 37.7조 넘게 보유”…국내 증시 쥐락펴락 하는 ‘이 회사’,24일 기업분석전문 한국CXO연구소에 따르면 블랙록의 자회사 중 한 곳인 ‘블랙록펀드어드바이저스(블랙록)’ 등을 통해서 국내 상장사에 5% 이상 지분을 보유한 종목은 이달 23일 기준 10곳으로 집계됐다. 이들 종목군에는 국내 주요 금융지주사인 ▲하나금융지주(6.43%) ▲우리금융지주(6.07%) ▲KB금융지주(6.02%) ▲신한지주(5.99%)가 포함됐다. 국내 4대 금융그룹의 핵심 지배사인 지주사 지분을 5% 넘게 보유하며 국내 금융시장에서 중요한 큰손 역할을 하고 있는 셈이다. 삼성그룹 계열사 중에서는 ▲삼성전자(5.07%) ▲삼성SDI(5.01%) ▲삼성E&A(5%) 3개 종목에서 5% 넘는 지분을 보유하고 있는 것으로 나타났다. 이 외 ▲네이버(6.05%) ▲POSCO홀딩스(5.2%) ▲코웨이(5.07%) 종목에서도 5% 넘는 지분을 보유하고 있다. 블랙록이 보유한 10개 종목의 이달 23일 종가 기준 합산 주식평가액만 해도 37조7692억원이 넘는 것으로 나타났다. 이는 같은 날 기록한 국내 주식시장 전체 시가총액 3332조원의 1.1% 수준이다. 10개 종목을 개별 종목별로 살펴보면 블랙록의 영향력은 상당하다. 특히  37조원이 넘는 주식평가액 중에서도 삼성전자에서 보유한 지분가치만 25조4431억원으로 가장 높았다. 블랙록은 삼성전자 주식을 3억39만1061주를 보유하고 있고 이달 삼성전자의 종가 8만4700원으로 곱한 주식가치만 해도 25조4000억원을 넘어섰다. 이는 같은 날 이재용 회장의 보유한 삼성전자 주식평가액 8조2509억원보다 3배 넘는 수준이다. 여기에 이재용 회장을 포함해 홍라희 리움미술관 명예관장  이부진 신라호텔 사장  이서현 삼성물산 사장까지 합친 삼성 오너가의 삼성전자 합산 주식평가액 24조5993억원보다 더 많다. 블랙록이 보유한 삼성전자 지분가치가 삼성 오너가보다 더 높을 정도로 국내 주식시장에서 ‘슈퍼 독수리’의 위상을 여실히 보여줬다.  이 외 ▲삼성SDI(7232억원) ▲코웨이(3831억원) ▲삼성E&A(2775억원)도 지분가치가 1000억원을 넘어섰다. 오일선 한국CXO연구소장은 “블랙록은 막대한 자금력을 기반으로 국내 주식시장을 쥐락펴락할 정도의 막강한 영향력을 가진 슈퍼 독수리로 자리매김하고 있다”며 “대개 주식시장에서는 최대주주측 지분이 35%를 넘어야 경영권을 방어한다. 삼성전자는 20% 수준에 불과해 5% 이상 지분을 보유한 블랙록을 우호지분으로 지속 유지하는 전략이 중요한 것 같다”고 말했다. Copyright © 매일경제 & mk.co.kr. 무단 전재  재배포 및 AI학습 이용 금지,http://v.daum.net/v/20250924110304928
2025. 9. 24. 10:45,코스피  외국인 선물 매도에 약세…코스닥은 1%대 하락,코스피가 약세를 보이고 있다. 개인의 현물주식 매도와 외국인의 코스피200 선물 매도가 겹치면서다. 코스닥은 1.3%나 급락하고 있다. 24일 오전 10시31분 현재 코스피는 전일 대비 15.22포인트(0.44%) 내린 3470.95에 거래되고 있다. 개장 직후에는 상승하며 3497.98까지 오르기로 했지만  곧바로 힘이 빠졌다. 유가증권시장에서 개인이 1452억원어치 주식을 팔고 있다. 외국인은 현물주식은 449억원 규모로 사고 있지만  코스피200선물을 2255억원어치를 파는 중이다. 기관은 865억원어치 주식을 순매수하고 있다. 시가총액 상위 종목들은 혼조세다. 삼성전자는 강보합세지만  SK하이닉스는 1.39% 하락하고 있다. SK하이닉스의 하락은 간밤 엔비디아 주가가 3% 가량 하락한 여파로 보인다. 엔비디아가 오픈AI에 1000억달러를 투자하기로 한 걸 두고 일각에서 엔비디아의 AI 가속기를 구매할 돈을 주는 것 아니냐는 지적이 나오면서 투자심리가 악화됐다. 도널드 트럼프 미국 대통령이 볼로디미르 젤렌스키 우크라이나 대통령과의 양자회담 후 기자회견에서 러시아를 향한 강경 발언을 내놓은 영향으로 한화에어로스페이스가 4.58% 상승하고 있다. 두산에너빌리티도 3.96% 오르고 있다. 셀트리온은 3.2% 내리고 있다. 코스닥은 전일 대비 11.52포인트(1.32%) 내린 860.69에 거래되고 있다. 이 시장에선 개인이 1788억원어치 주식을 사지만  외국인과 기관이 각각 1324억원어치와 396억원어치를 팔고 있다. 코스닥 시가총액 상위 종목들은 모두 내리고 있다. 펩트론이 7.14%  삼천당제약이 5.43%  에이비엘바이오가 5.56% 하락하고 있다. 에코프로비엠과 에코프로도 각각 1.31%와 1.11% 내리는 중이다. 서울외환시장에서 원·달러 환율은 전일 대비 0.7원(0.05%) 오른 달러당 1394.7원에 거래되고 있다. 한경우 한경닷컴 기자 case@hankyung.com Copyright © 한국경제. 무단전재 및 재배포 금지.,http://v.daum.net/v/20250924104541960
2025. 9. 24. 10:43,예상 뒤집은 마이크론...“우리도 HBM4 엔비디아 납품 가능”,24일 세계 반도체 업계가 미 반도체 업체 마이크론의 발표에 들썩였다. 마이크론이 이날 6~8월 실적을 발표하면서  기존 시장 예상과 달리 HBM4(광대역폭 메모리) 속도를 업계 최고 수준으로 맞췄다고 밝혔기 때문이다. 그동안 업계에선 마이크론이 엔비디아가 요구하는 속도를 맞추지 못해 HBM4 경쟁에서 밀려나고  SK하이닉스와 삼성전자의 2파전이 될 것이라는 예상이 많았지만 이것이 뒤집힌 것이다. 이날 마이크론은 회계연도 4분기(6~8월) 매출이 1년 전보다 46% 증가한 113억2000만달러(약 15조7900억원)  영업이익이 1년 전보다 126.6% 상승한 39억6000만달러(약 5조5200억원)를 기록했다고 밝혔다. 시장 예상치를 웃도는 어닝 서프라이즈다. 조정 주당순이익은 3.03달러  영업이익률은 35%에 달했다. 사업별로 보면 가상 서버인 클라우드에 들어가는 메모리 매출이 크게 늘었다. 1년 전보다 213.6% 급상승한 45억4300만달러의 매출을 기록했다. HBM 사업도 견고했다. HBM 매출은 6~8월 20억달러를 기록했고  연간 80억달러 규모의 사업이 됐다. HBM 고객사도 6곳으로 확대했다. 마이크론은 “AI 데이터센터 확산과 고성능 서버용 메모리 수요 증가가 매출과 이익률 개선을 이끌었다”고 했다. 호실적보다 더욱 눈길을 끈 것은 HBM4 관련 발표였다. 마이크론은 이날 HBM4 샘플을 고객사에 전달했고  속도도 업계 최고 수준인 11Gbps 속도를 기록했다고 밝혔다. 최근 반도체 업계에선 엔비디아가 반도체 업체들에 HBM4 속도 10Gbps 이상을 요구했고  마이크론이 이를 충족하지 못한 상황으로 봤다. 삼성전자는 한 세대 앞선 1c D램으로 HBM4를 만들고 HBM의 가장 밑단에 위치한 ‘베이스 다이’도 4나노(1나노는 10억분의 1m) 첨단 파운드리로 만든다. SK하이닉스도 파운드리 1위 업체인 대만의 TSMC에 맡겨 베이스 다이를 제작한다. 반면 마이크론은 자체 기술력으로 D램과 베이스 다이를 만들고  속도보다는 저전력 측면에 초점을 맞춰 HBM4를 개발해 엔비디아의 조건을 충족하기 쉽지 않을 것이라는 관측이었다. 하지만 이날 산제이 메트로트라 마이크론 최고경영자(CEO)는 “최근 업계 최고 수준의 11Gbps 이상의 속도와 최고의 전력 효율을 제공할 수 있는 제품을 준비했다”고 했다. 마이크론은 내년 2분기 첫 HBM4 양산 출하가 시작되고 하반기 본격적으로 생산할 계획이라고 했다. 산제이 CEO는 “2026년에는 HBM 점유율이 올해보다 확대될 것”이라고 했다. 양산 시점만 보면 삼성전자나 SK하이닉스가 예상하는 시점보다는 늦지만  마이크론이 HBM4 시장 초기부터 진출한다는 것이라 시장에 끼치는 영향이 적지 않다는 것이 업계의 분석이다. 테크 업계 관계자는 “마이크론의 발표가 사실이라면 그동안 강조했던 저전력 성능을 낮춰 속도를 높였을 가능성이 있다”며 “HBM4 경쟁이 SK하이닉스-삼성전자 2파전에서 SK하이닉스-마이크론-삼성전자 3파전으로 바뀌며 더욱 치열해질 것”이라고 했다. Copyright © 조선일보. 무단전재 및 재배포 금지.,http://v.daum.net/v/20250924104350865
2025. 9. 24. 09:23,코스피  개인 매도에 약보합…삼전·SK하닉도 하락,코스피가 장 초반 약보합권에 머무르고 있다. 개장 직후엔 상승하며 3500선도 넘봤지만  이내 힘이 빠지는 모습이다. 간밤 뉴욕증시가 제롬 파월 미국 중앙은행(Fed) 의장의 “고평가” 발언에 하락한 여파로 보인다. 24일 오전 9시9분 현재 코스피는 전일 대비 9.02포인트(0.26%) 내린 3477.17에 거래되고 있다. 개장 직후엔 3497.95까지 오르며 신고가를 다시 썼지만  개인의 매도세에 하락으로 돌아섰다. 유가증권시장에서 개인과 기관은 각각 508억원어치와 43억원어치 주식을 순매도하고 있다. 외국인은 560억원어치를 사는 중이다. 시가총액 상위 종목들은 대체로 하락하고 있다. 삼성전자와 SK하이닉스는 각각 0.24%와 0.55% 하락하고 있다. 간밤 뉴욕증시에서 엔비디아가 3%가량 하락한 여파다. 엔비디아가 오픈AI에 1000억달러를 투자하기로 한 걸 두고  엔비디아의 인공지능(AI) 가속기를 구매할 돈을 주는 것 아니냐는 지적이 나오면서 테크 섹터에 대한 투자심리가 악화됐다. 다만 뉴욕증시의 정규장 종료 이후 마이크론이 호실적을 내놓은 영향으로 삼성전자와 SK하이닉스의 낙폭이 커지지는 않고 있다. 삼성바이오로직스는 보합이지만  셀트리온은 2.04% 하락하고 있다. 현대차와 기아도 각각 0.57%와 0.19% 내리는 중이다. 반면 한화에어로스페이스는 3.59%  KB금융은 0.69% 상승하고 있다. 코스닥은 전일 대비 3.35포인트(0.38%) 내린 868.86에 거래되고 있다. 이 시장에서는 개인이 281억원어치 주식을 사는 반면  외국인과 기관은 각각 226억원어치와 34억원어치를 팔고 있다. 코스닥 시가총액 상위 종목들도 대체로 하락세다. 특히 펩트론과 삼천당제약이 각각 3.9%와 4.07% 내리고 있다. 파마리서치와 리가켐바이오는 각각 0.52%와 0.87% 상승 중이다. 서울외환시장에서 원·달러 환율은 전일 대비 0.8원(0.06%) 내린 달러당 1393.2원에 거래되고 있다. 뉴욕증시에서 주요지수가 하락마감했다. 제롬 파월 미국 중앙은행(Fed) 의장이 주식시장에 대해 “상당히 고평가된 것 같다”고 말하면서 투자심리가 악화됐다. 23일(현지시간) 뉴욕증권거래소(NYSE)에서 다우존스30산업평균지수는 전일 대비 88.76포인트(0.19%) 밀린 46 292.78에  스탠더드앤드푸어스(S&P)500지수는 36.83포인트(0.55%) 떨어진 6 656.92에  나스닥종합지수는 215.50포인트(0.95%) 하락한 22 573.47에 각각 거래를 마쳤다. 한경우 한경닷컴 기자 case@hankyung.com Copyright © 한국경제. 무단전재 및 재배포 금지.,http://v.daum.net/v/20250924092354493
2025. 9. 24. 09:03,‘H-1B 위기와 골드카드의 부상’ 미국투자이민  능력과 자본 사이에서 길을 찾다,[김지영의 지금은 글로벌] 9월 중순  미국의 이민 시장은 한순간에 격랑에 휩싸였다. 실리콘밸리 대기업들은 직원들에게 해외 출국을 자제하라는 긴급 지침을 내렸고 투자자 커뮤니티에서는 “막차를 타야 한다”라는 말이 빠르게 번졌다. 도널드 트럼프 대통령이 내놓은 두 가지 조치 때문이다. 전문직 취업비자 H-1B 신규 신청 수수료를 10만 달러로 대폭 인상하고  100만 달러 기부형 ‘골드카드 프로그램’을 신설하겠다고 발표한 것이다. 한쪽 문은 닫히고 다른 쪽 문은 열리는 듯한 이 극적인 메시지는 미국 이민의 철학이 ‘능력(Merit)’ 중심에서 ‘자본(Capital)’ 중심으로 옮겨가고 있음을 전 세계에 보여주었다. H-1B 수수료 10만 달러는 그냥 나온 액수가 아니다. 이는 미국 내에서 동등한 수준의 인력을 신규 채용하거나 기존 직원을 재교육하는 데 드는 연간 비용의 근사치다. 외국인을 고용하는 기업은 이제 사실상 ‘미국인 고용세(American Hiring Tax)’를 지불하는 셈이다. 따라서 기업은 외국인 전문가 한 명을 뽑을 때 마다 “이 비용을 감수할 만큼의 가치가 있는가”라는 질문 앞에 서게 된다. 빅테크 기업들은 수천억 원대의 추가 비용을 떠안아야 하고  스타트업에게는 외국인 채용 자체가 불가능한 선택지가 되어버린다. 인도와 중국에서 대규모로 유입되던 IT 인력이 막히면서 미국의 의도는 분명하다. 세계 기술 패권 경쟁에서 주도권을 확보하기 위해 외국 인재의 진입 장벽을 높이고  동시에 국내 고용을 늘리려는 전략이다. 주목할 점은 이 같은 ‘능력 억제’ 정책과 동시에 ‘자본 유치’ 전략이 병행되고 있다는 사실이다. 골드카드는 100만 달러 기부 시 신속한 영주권을 부여하는 프로그램이다. 그러나 이 제도가 처음 시장에 던져졌을 때는 500만 달러라는 비현실적으로 높은 금액이 언급되었다. 업계에서는 이를 앵커링 효과를 노린 전략으로 봤다. 터무니없이 높은 수치를 먼저 제시해 투자자들의 심리적 기준점을 끌어올린 뒤  실제 확정된 100만 달러는 오히려 ‘합리적 선택’처럼 보이도록 한 것이다. 결과적으로 EB-5 투자이민의 현행 80만 달러나  2026년 CPI 연동으로 예상되는 130만~150만 달러 수준 역시 덜 부담스럽게 느껴지는 심리적 착시가 형성되었다. 이는 트럼프 행정부가 과거에도 활용했던 방식이다. 2017년부터 “50만 달러는 너무 낮다”라는 메시지를 던지며 투자자들의 불안을 자극했고  실제로 2019년 투자금이 90만 달러로 인상되기 전까지 전 세계에서 자금이 몰려들었던 전례가 있다. 투자자들에는 하나의 마감일이 분명하다. 2026년 9월 30일  EB-5 기득권 보호(Grandfather Rule) 시한이다. 이 날짜 이전에 I-526E 청원서를 접수하면 이후 투자금이 오르더라도 현행 80만 달러 조건이 보장된다. 따라서 골드카드 논란이 무엇을 의미하든  지금의 투자 환경은 분명 ‘골든 타임’이다. 불확실성이 커질수록 제도의 변동에 휘둘리지 않고 법적 보호를 확보하는 것이 유일한 해법이 된다. 한국 기업과 개인에게 미칠 파장도 결코 작지 않다. 미국에 대규모 투자를 진행해온 삼성전자  SK하이닉스  LG에너지솔루션 등은 현지 법인 운영 비용의 급격한 상승에 직면할 수밖에 없다. 인력 파견에 활용되던 H-1B의 비용 장벽이 높아진 만큼  기업은 핵심 기술진은 본사 인력을 파견하고 일반 기술직은 현지 채용과 교육을 강화하는 투트랙 전략을 모색해야 한다. 개인에도 선택지는 달라졌다. H-1B 대신 NIW(국익면제)나 EB-1A(탁월능력) 같은 능력 기반 영주권 루트는 여전히 유효하며  자본 여력이 있는 경우 EB-5나 골드카드를 통해 안정적으로 가족과 함께 영주권을 확보하는 길이 동시에 열려 있다. 트럼프의 이번 행보는 단순히 수수료를 올리고 새로운 제도를 덧붙인 차원이 아니다. 이는 글로벌 인재의 흐름을 다시 짜고  미국 이민의 기준을 능력과 자본이라는 두 축으로 재편하는 국가 전략이다. 세계화 시대의 보편적 가치였던 ‘개방’과 ‘다양성’은 저물고  ‘국익’과 ‘선별성’이 앞세워지는 냉혹한 현실주의의 시대가 도래했다. 한국 기업과 개인이 이 변화를 단순한 위기가 아니라 기회로 만들 수 있을지는  지금 얼마나 빠르게 전략을 재설계하고 대응하느냐에 달려 있다. 격변의 시대에 살아남는 것은 가장 강한 자가 아니라  변화에 가장 민첩하게 적응하는 자라는 사실을 다시금 상기해야 할 때다. [김지영 객원칼럼니스트(국민이주 대표)]  Copyright © 매일경제 & mk.co.kr. 무단 전재  재배포 및 AI학습 이용 금지,http://v.daum.net/v/20250924090300578
2025. 9. 24. 08:48,"삼성전자  반도체 상승 사이클 최대 수혜"-KB,KB증권은 24일 삼성전자에 대해 "반도체 업종 상승 사이클의 최대 수혜를 볼 것"으로 전망했다. 이 증권사 김동원 연구원은 "최근 메모리 수요 급증세가 고대역폭메모리(HBM) 중심에서 서버 D램  GDDR7  LPDDR5X  eSSD 등 메모리 반도체 모든 분야로 빠르게 확대되고 있다"며 "범용 메모리 반도체 생산능력 확대가 제한적인 상태에서 나타난 메모리 수요의 급격한 증가세는 내년 공급 부족의 분명한 신호"라고 판단했다. KB증권은 삼성전자의 올 하반기와 내년 영업이익이 각각 4년과 8년 만에 최대치를 기록할 것으로 전망한다. 삼성전자의 올 하반기 영업이익은 전년 동기 대비 33% 증가한 20조8000억원으로 지난 2021년 같은 기간(29조6000억원) 이후 4년 만에 최대치를 달성할 것으로 예상된다. 또 삼성전자의 내년 매출과 영업이익은 각각 전년보다 12%와 66% 늘어난 358조원  53조4000억원으로 추정된다. 이는 2018년(58조8000억원) 이후 8년 만에 최대다. 특히 내년부터는 엔비디아의 삼성전자 공급 의존도가 확대될 것으로 김 연구원은 판단했다. 그는 "내년 엔비디아 루빈(Rubin)에 탑재될 HBM4부터 삼성전자 공급 의존도가 확대될 것"이라며 "삼성전자 HBM4는 1c D램과 4nm 로직다이를 적용  공급사 중 가장 높은 속도(11Gbps)를 구현해 엔비디아의 성능 상향과 물량 확대를 동시에 충족시켜 경쟁사 대비 유리한 입지 구축이 예상되기 때문"이라고 설명했다. 이어 "마이크론이 엔비디아 HBM4의 속도 상향 스펙을 맞추지 못해 사실상 삼성전자와 SK하이닉스의 과점 공급 체제가 불가피할 것"으로 내다봤다. 아울러 "엔비디아 최종 품질 테스트를 통과한 삼성전자의 HBM3E 12단 공급 가시화와 HBM4 신규 공급 가능성 확대는 글로벌 HBM 시장에서 강력한 레퍼런스로 작용할 것"이라며 "북미 빅테크(거대 기술기업)들의 HBM 공급 물량도 동시에 급증할 것"으로 전망했다. 고정삼 한경닷컴 기자 jsk@hankyung.com Copyright © 한국경제. 무단전재 및 재배포 금지.,http://v.daum.net/v/20250924084846126
2025. 9. 24. 08:02,신도심 "지수보다 주도업종 1등주에 베팅…반도체 주목" [한경스타워즈 출사표⑤],“앞으로는 모든 주식이 오르는 대세 상승장보다는 이슈에 따라 돈이 이동하는 순환매장이 나타날 걸로 예상합니다. 당장은 반도체 섹터가  다음달에는 한한령(한류금지령) 해제 테마가 유망해 보입니다.” 하나증권 신도심팀(영업부금융센터 도현수 대리와 심하영 대리)은 ‘2025 제31회 한경 스타워즈 실전투자대회 하반기’가 진행되는 동안의 주식시장에 대해 이 같이 전망했다. 도현수 대리는 “한국의 새로운 정부가 주식시장을 활성화하기 위한 정책을 추진하는 훈풍에 미국 중앙은행(Fed)의 기준금리 인하까지 더해지며 코스피가 3500을 바라보는 수준까지 상승했다”며 “이제는 업종별로 옥석을 가려야 할 시기에 접어들었다”고 진단했다. 대회 초반인 이달까지는 반도체 섹터의 랠리가 이어질 것으로 신도심팀은 전망했다. 심하영 대리는 “누군가는 인공지능(AI) 랠리에 대해 버블이라고 말하기도 하지만  경험적으로 버블이라는 지적이 나올 때는 상승 여력이 남아 있을 경우가 많았다”며 “미국의 빅테크 기업들의 실적으로 AI 산업의 성장이 증명되는 상황이라 내년 초까지는 상승세가 이어질 것”이라고 내다봤다. 반도체 섹터 안에서는 SK하이닉스의 주가 상승률이 장기적으로 삼성전자를 압도할 것이라고 신도심팀은 보고 있다. 도 대리는 “AI 가속기에 쓰이는 고대역폭메모리(HBM)반도체 분야에서는 SK하이닉스가 1등”이라며 “상대적인 저평가 측면에서 현재는 삼성전자가 주목받고 있지만  한 번 벌어진 기술력 격차가 쉽게 극복되지는 않을 것으로 본다”고 분석했다. 기존 주도주 중에서는 원자력발전(원전) 테마가 상승세를 이어갈 가능성에 신도심팀은 무게를 실었다. AI 산업의 기반인 전력 공급 측면에서 없어서는 안 될 산업이라는 이유에서다. 다음달에는 반도체로 쏠리던 증시 자금의 일부가 한한령 해제 테마로도 분산될 것이라고 신도심팀은 내다봤다. 이달 말부터 중국인 단체 관광객에 대한 무비자 입국이 시행되는 데다  다음달말에는 아시아태평양경제협력체(APEC) 정상회의를 계기로 시진핑 국가주석이 한국을 방문하는 모멘텀이 기다리고 있기 때문이다. 신도심팀은 투자심리에 찬물을 끼얹을 수 있는 리스크가 정책에서 튀어나올 가능성을 경계하고 있다. 도 대리는 “양도소득세를 매기는 대주주 기준 이슈는 종료됐다고 볼 만하지만  현재 여당인 더불어민주당은 야당 시절부터 금융투자소득세 도입을 추진해온 바 있다”며 “가능성이 낮긴 하지만  관련 이슈가 불거지는 것만으로도 시장이 민감하게 반응할 수 있다”고 말했다. 한경 스타워즈는 국내에서 역사가 가장 긴 실전 주식 투자대회다. 대회는 매년 상·하반기로 나눠 진행된다. 국내 주요 증권사 임직원 가운데 엄선된 '주식고수' 10개 팀이 실력을 겨룬다. 이번 대회는 12월 26일까지 진행된다. 투자원금은 팀당 5000만원이다. 가장 높은 수익률을 기록한 팀이 우승한다. 누적 손실률이 20%(종가 기준)를 넘으면 중도 탈락한다. 대회 참가자의 실시간 매매 내역은 한경닷컴 스타워즈 홈페이지를 통해 무료로 확인할 수 있다. 한경우 한경닷컴 기자 case@hankyung.com Copyright © 한국경제. 무단전재 및 재배포 금지.,http://v.daum.net/v/20250924080247983
2025. 9. 24. 07:57,1조 쏟았는데 고작 200억만 집행…“중기  ESG조건 맞추기 너무 힘드네”,23일 매일경제가 5대 금융사의 ‘삼성전자 협력회사 ESG 펀드’ 집행 실적을 취재한 결과  지난 8월 말 기준 총 188억원이 이자 감면 형태로 집행됐다. 삼성은 1조원을 5대 금융에 골고루 정기예금 형태로 예치하고 있는데  모두 3.5%대 이자를 부여하고 있다.  이 펀드를 통한 지원은 중소·중견기업에는 상당히 파격적인 수준이다. 삼성전자 혹은 삼성디스플레이가 협력회사들에 대한 검토를 거쳐 주거래를 하는 은행에 우수 협력회사들을 추천하면  은행은 해당 기업이 ESG 관련 규정을 충족시켰는지를 심사한다. 심사를 통과하면 이 기업은 최대 20억원 한도에서 최초 대출 이후 1년 단위로 최대 2회까지 연장해 최장 3년간 무이자로 대출을 받을 수 있다. 전국은행연합회에 따르면 올해 8월 5대 은행의 중소기업 보증서담보대출 평균 금리는 4.06%였다. 중소기업이 3년간 20억원을 대출받아 만기 일시 상환을 한다고 가정하면 지출하는 이자비용만 월 700만원에 달한다. ESG 펀드를 통해 지원받으면 이 같은 비용을 모두 아낄 수 있는 셈이다. 문제는 까다로운 조건이다. ESG 관련 투자를 오랜 기간 해온 대기업과 달리 중소·중견기업은 비용 문제와 노하우 부족으로 조건을 만족시키는 사례가 극히 드물다는 게 금융권의 공통된 의견이다. 가장 대표적인 것이 한국형 녹색분류체계인 ‘K택소노미’다. 온실가스 감축  기후변화 적응  물  순환경제  오염  생물다양성 등 6대 환경 목표 중 하나 이상을 달성하는 데 기여했다는 점을 인정받으면 대부분 ‘녹색기업’으로서 역할을 했다고 보고 대출을 해준다. 하지만 이 조건 자체가 중소·중견기업에는 여러 투자를 수반하게 하고  인권·노동·안전·반부패 등과 충돌하지 않아야 해 생각보다 이를 만족하는 기업이 많지 않은 상황이다.  이날 열린 워크숍에 참석한 금융권 관계자는 “ESG 조건에 대한 협력사들의 이해도를 높일 필요가 있다”면서 “대출을 받은 회사 사례를 공유하거나  협력사들과 금융권 간 간담회 등을 하자는 제안도 나왔다”고 설명했다. 또 다른 참석자는 “협력기업들이 해당 펀드에 지원을 신청하는 웹사이트가 있는데  이것이 은행에도 곧바로 전달되면 대상자를 추려내는 데 도움이 될 것 같다는 의견이 있어 이를 한 달 전에 반영했다”면서 “다양한 보완책을 찾고 있다”고 전했다. 현재 기업당 최대 20억원인 한도를 증액하는 방안과 해당 기업 선정부터 심사까지 너무 긴 시간이 소요되는 만큼 프로세스를 단순화하는 방안 등도 이번 회의에서 논의된 것으로 알려졌다. 현재 심사 기간은 최대 4개월에 달한다. Copyright © 매일경제 & mk.co.kr. 무단 전재  재배포 및 AI학습 이용 금지,http://v.daum.net/v/20250924075711832
2025. 9. 24. 07:49,마이크론  HBM4 성능 우려 일축…"HBM4 속도 11Gbps 이상 가능",마이크론이 내년 시장이 본격화하는 6세대 고대역폭메모리(HBM4)에 대한 성능 우려를 일축했다. 2030년 HBM 시장이 1000억달러(약 140조원)에 달할 것이란 기존 전망을 유지하며 "점유율을 높일 것"이라고 강조했다. HBM4 11Gbps 속도 달성 가능 미국 메모리기업 마이크론의 산제이 메흐로트라 최고경영자(CEO)는 23일(현지 시간) 열린 전화 실적설명회(콘퍼런스콜)에서 "마이크론은 2026년 HBM4로 전환할 예정이고 업계 최고 수준인 초당 11기가비트(Gb)의 데이터 처리 속도를 제공할 수 있는 제품을 준비했다"고 말했다. 이어 "HBM 사양은 점점 까다로워지고 있는데 마이크론엔 긍정적"이라며 "제품은 고객의 요구를 충족할 수 있다"고 덧붙였다. 최근 반도체 시장에서 불거진 마이크론의 HBM4 성능 논란을 잠재우기 위한 발언으로 분석된다. 엔비디아는 차세대 AI 가속기 루빈에 탑재될 HBM4를 개발 중인 공급사에 "데이터 처리 속도를 국제반도체표준협의기구(JEDEC)이 정한 표준(8Gbps) 이상인 10Gbps 이상을 달성해달라"고 요청했다.  이에 대해 삼성전자는 '11Gbps'  SK하이닉스도 '10Gbps 이상'(비공식적으론 11Gbps)을 달성했다는 공식 입장을 내놨지만  마이크론에 대해선 엔비디아의 요구를 충족하는 게 어려울 것이란 관측이 나왔다. 삼성은 HBM4의 두뇌 역할을 하는 로직 다이를 자사 4㎚ 파운드리(반도체 수탁생산) 공정으로 만들고 SK하이닉스는 대만 TSMC의 12㎚ 공정을 활용하지만 마이크론은 자체 12㎚ 공정을 쓰기로 한 영향이 컸다. 산제이 메흐로트라 CEO는 "HBM4는 업계 최고 성능과 저전력 특성을 갖췄고 2026년 2분기에 첫 양산과 출하가 시작되고 하반기 생산량이 늘 것"이라며 "샘플 납품을 진행했고 내년엔 점유율이 늘 것"이라고 전망했다. "2030년 HBM 시장 140조...메모리가 AI 혁명의 중심" HBM 시장에 대해서도 낙관적인 전망을 내놨다. 산제이 메흐로트라 CEO는 "2030년까지 HBM 시장이 1000억달러 규모로 커질 것"이라며 "HBM의 성장세는 일반 D램의 성장세보다 뚜렷하고 이런 추세는 2026년에도 지속될 것"이라고 말했다. 엔비디아와 오픈AI의 협업 등도 메모리 슈퍼 사이클을 이끄는 기회 요인으로 평가됐다. 메흐로트라 CEO는 "데이터센터 지출이 견조하고 전통적 서버 수요도 강세를 보이며 성장할 것"이라며 "추론용 수요와 PC  스마트폰  자동차에서도 메모리 탑재량이 늘고 있다"고 말했다.이어 "앞으로 수년간 수조달러 규모 데이터센터 인프라 투자가 예상된다"며 "메모리는 AI 혁명의 중심에 있다"고 강조했다. 황정수 기자 hjs@hankyung.com Copyright © 한국경제. 무단전재 및 재배포 금지.,http://v.daum.net/v/20250924074938686
2025. 9. 24. 07:06,“손 칼로 썰어야 잘 팔린다고?”…삼성 도움받은 전통 방앗간  생산량이 무려,홈쇼핑 진출과 베트남 수출에도 도전했지만 연이어 고배를 마셨다. 유통기한이 짧고 제품 표준화가 안 돼 대량 납품에 한계가 뚜렷했다. 그러던 중 삼성전자 스마트공장 지원 사업을 알게 된 것이 전환점이 됐다. “방앗간이 무슨 스마트공장이냐”는 시선도 있었지만 전통시장 방앗간 같던 작은 공장이 삼성전자의 스마트공장 지원을 계기로 체계적 시스템을 갖춘 기업으로 나아가기 시작했다. ‘장가’는 매출 6억원 남짓이고 직원도 7명에 불과한 소규모 업체다. 삼성의 스마트공장 지원 사례 중에서도 가장 작은 축에 속한다. 삼성은 그간 반도체·전자부품 제조사  기계·자동차 협력업체 등 전통적인 제조업 분야에 집중해왔지만  전통식품 업체에도 도움의 손길을 내밀었다. 두 달 동안 삼성전자 ESG&스마트공장지원센터 소속 전문가들이 장가 현장을 찾아 ‘현장 기본 갖추기’ 작업을 진행했다. 부자재 창고에는 보관 랙을 새로 들이고  물류 대차를 도입해 작업자의 동선을 줄였다. 창고 관리만 달라져도 재고 파악과 유통기한 관리가 수월해졌다. 제조실행시스템(MES)도 구축했다. 이전까지는 주문과 공정 데이터가 모두 수기로 집계돼 문제 발생 시 대응이 늦었지만  이제는 생산 실적  설비 가동 현황  품질 데이터를 실시간으로 모니터링할 수 있게 됐다. 냉동고 온습도도 센서로 자동 기록해 위생 관리까지 강화했다. 제품별 레시피와 배합비율도 시스템에 등록해 작업자 경험에 의존하던 공정을 표준화하는 계기가 됐다. 재고는 바코드로 입출고를 관리하고  번호를 부여해 불량 발생 시 원인 추적도 가능해졌다. 과거에는 불량이 나면 원인을 찾는 데 며칠이 걸렸지만  이제는 몇 시간 만에 파악할 수 있게 됐다. 삼성 전문가들은 단순히 장비를 설치해주는 수준을 넘어 현장 전체를 일일이 분석했다. 쌀 불림 공정에서 병목이 발생하는 이유  포장 기계가 자주 멈추는 이유를 직원들과 함께 점검하며 개선 방안을 제시했다. 박 대표는 “중소기업 스스로는 엄두도 못 낼 공정 컨설팅을 대기업 전문가가 도와준 셈”이라고 말했다. 삼성은 이번 개선 활동의 예상 효과도 제시했다. 시루떡 생산량은 분당 25개에서 40개로 늘어나고  가래떡 숙성 기간은 2일에서 하루로 줄어들 수 있다고 분석했다. 떡국떡은 소비기한이 기존 3개월에서 8개월까지 늘어날 수 있다는 전망이다. 아직 실적 수치로 검증된 것은 아니지만  영세 떡공장도 체계적인 자동화와 품질관리 시스템을 도입하면 이 정도 성과가 가능하다는 시뮬레이션이다. 성과가 당장 눈에 띄는 매출 증대로 이어진 것은 아니지만  작업환경·위생·안전 개선 효과는 뚜렷했다. 가래떡 슬라이스 기계에는 안전커버를 설치해 작업자의 사고 위험을 줄였다. 포충기·살균기·방역 설비도 도입해 위생 수준이 높아졌다. 창고 보관구역과 설비 위치를 표준화하면서 ‘공장다운 공장’을 갖추는 단계에 도달했다는 평가다. 이렇게 삼성의 스마트공장 지원은 장가 같은 영세 식품업체까지 스펙트럼을 넓히며 진화하고 있다. 실제로 삼성은 농축수산물 세척·포장 자동화  중소 제조업체 생산공정 개선에도 힘을 보태고 있다. 단순한 설비 지원이 아니라 업종 특성과 규모에 맞는 ‘맞춤형 혁신’으로 영역을 확장하고 있는 셈이다. 삼성전자는 2015년부터 공정 자동화·효율화  환경·책임·투명경영(ESG) 개선  운영 시스템 구축 노하우를 중소기업에 전수하기 시작해 지난해까지 총 3450곳을 지원했다. 올해 9월부터는 180여 개 기업의 스마트공장 구축·고도화를 새로 돕는다. ‘삼성형 스마트공장 모델’이 사실상 하나의 산업 생태계로 자리 잡았다는 평가다. 박 대표는 “눈에 보이는 성과는 아직 크지 않아도 내부 변화는 확실하다”며 “직원들의 만족도도 높아졌고  새벽부터 일일이 챙겨야 했던 공정을 시스템이 대신하면서 하루가 달라졌다”고 말했다. 목포 박승주 기자 Copyright © 매일경제 & mk.co.kr. 무단 전재  재배포 및 AI학습 이용 금지,http://v.daum.net/v/20250924070607003
2025. 9. 24. 06:12,‘초박형’ 아이폰 카메라 아쉽고  갤럭시 살짝 두꺼워도 성능 강점…뭘 고를까,애플은 휴대성에 방점을 찍었다. 가장 큰 변화는 유심 슬롯 제거다. 아이폰 에어는 물리적 심카드 대신 이심(eSIM)만 지원해 내부 공간을 확보했다. 애플은 확보된 공간을 배터리에 할애해 얇아진 구조 속에서도 전작과 비슷한 사용 시간을 구현했다고 설명한다. 실제로 최신 A19 프로 칩의 고효율 설계로 아이폰16 프로와 동일한 수준의 배터리 성능을 유지하며  영상 재생 기준 27시간을 지원한다. 후면에는 4800만화소 단일 카메라만 탑재됐다. 초광각  망원  접사 촬영은 불가능하지만 포토닉 엔진을 통해 색감과 디테일을 보완하고  인물·반려동물 촬영 시 차세대 인물사진 모드를 지원한다. 기능은 줄었지만 소프트웨어 보강으로 일상적인 촬영에는 무리가 없다는 것이 애플 쪽 설명이다. 다만 기능을 덜어낸 만큼 글로벌 확장 과정에서는 난관이 드러났다. 애플은 지난 13일 중국의 이심 규제에 따라 아이폰 에어 출시를 미뤘다. 이심 단말기는 정부의 특별 승인을 받아야 판매가 가능한데  아이폰 에어는 아직 승인을 받지 못했기 때문이다.  IT 업계 관계자는 “애플은 휴대성과 디자인을 위해 기능을 과감히 덜어냈고  삼성은 성능을 유지하면서도 두께를 줄였다”며 “두 회사의 전략 차이가 소비자 선택에도 영향을 미칠 것”이라고 말했다. Copyright © 매일경제 & mk.co.kr. 무단 전재  재배포 및 AI학습 이용 금지,http://v.daum.net/v/20250924061205234
2025. 9. 24. 03:08,이재용 회장 아들  해군사관후보생 입교식,창원=뉴스1 Copyright © 동아일보. All rights reserved. 무단 전재  재배포 및 AI학습 이용 금지,http://v.daum.net/v/20250924030819306
2025. 9. 24. 03:07,‘반도체 투톱’ 강세에… 코스피  또 사상 최고치,삼성전자가 시가총액 500조 원을 회복하는 등 반도체주 강세가 이어지며 코스피가 사상 최고치를 재차 경신했다. 코스피에서 ‘반도체 투톱’인 삼성전자와 SK하이닉스가 차지하는 비중은 연중 최고 수준으로 커졌다. 23일 코스피는 전 거래일 대비 0.51% 오른 3 486.19로 마감했다. 외국인이 3000억 원 넘게 순매수했고  개인과 기관은 순매도했다. 반면 코스닥지수는 개인만 순매수에 나서면서 전날보다 0.25% 하락한 872.21로 장을 마쳤다. 삼성전자와 SK하이닉스가 각각 1.44%  2.85% 오르면서 코스피 상승을 주도했다. 반도체 투톱의 시총(우선주 포함)은 총 819조856억 원으로 늘면서 코스피 전체 시총(2869조8425억 원)에서 차지하는 비중이 28.5%로 커졌다. 이는 지난해 8월 28일(28.9%) 이후 가장 높은 수준이다. 다만 이날 유가증권시장에서 주가가 하락한 종목이 상승한 종목의 두 배에 달하는 등 온도 차가 분명했다. 한국거래소에 따르면 이날 코스피 상장 종목 중 상승 마감한 종목은 272개인 반면 하락 마감한 종목은 602개로 집계됐다. 코스닥 시장에서도 하락 종목(1088개)이 상승 종목(549개)의 두 배 수준이었다. 금융  화장품  소비재  엔터 등의 업종은 전반적인 약세 흐름을 보였다. 이경민 대신증권 연구원은 “반도체와 전력 인프라  원전 등의 업종이 조정 이후 상승을 재개하며 코스피 신고가를 이끌고 있다”며 “다만 소수 대형주를 제외하면 증시 전반은 혼조세가 나타났고  외국인 매수세와 달러인덱스 하락에도 원화 약세 흐름이 이어지는 등 불안정한 지표들이 관찰되고 있다”고 설명했다. 홍석호 기자 will@donga.com Copyright © 동아일보. All rights reserved. 무단 전재  재배포 및 AI학습 이용 금지,http://v.daum.net/v/20250924030756290
2025. 9. 24. 03:05,진단부터 연구개발-공정까지… 헬스케어 전 영역 AI 혁신,GC그룹 역시 이러한 흐름 속에서 GC녹십자와 계열사들을 주축으로 AI를 진단  검진  연구개발  품질관리  제조 등 전사적 업무 전반에 적용하며 혁신을 가속화하고 있다. 단순한 도입 단계를 넘어 각 계열사가 특화된 영역에서 AI를 고도화하고 이를 통해 글로벌 경쟁력을 강화해 나가고 있는 것이다. GC케어·GC지놈  AI로 여는 맞춤형 진단·검진 맞춤형 헬스케어 서비스를 제공하고 있는 GC케어는 자사의 건강관리 앱 ‘어떠케어’에 AI를 접목해 건강 상태를 더욱 빠르고 정밀하게 파악할 수 있도록 돕는다. 최근 선보인 ‘AI 검진 리포트’는 복잡한 수치를 간단히 요약하고 개선 포인트를 제시해 개인 맞춤형 건강관리를 지원한다. 위내시경·초음파 같은 정밀검사 결과까지 AI가 함께 분석하며 고혈압·당뇨 등 19개 주요 질환의 발생 가능성을 예측해 예방적 차원의 관리까지 가능하게 했다. 진단 영역에서도 변화가 뚜렷하다. GC의 액체생검 및 임상유전체분석 계열사 GC지놈의 주력 제품인 다중암 조기선별검사‘아이캔서치(ai-CANCERCH)’에도 AI 기반의 독자적인 알고리즘이 적용됐다. 핵심 기술인 ‘FEMS(Fragment End Motif by Size)’는 세포 유리 DNA(cfDNA)의 조각 크기와 염기서열 패턴을 동시에 분석해 기존 검사로는 포착하기 어려운 초기 암 신호까지 감지한다. 유비케어  AI로 진료 효율성과 의료 환경 혁신 환자의 진단과 검진 데이터를 이어받아 의료 현장에서도 AI는 진료 효율을 높이는 역할을 하고 있다. EMR(전자의무기록) 솔루션 ‘의사랑’을 운영하는 유비케어는 ‘의사랑 AI클리닉’을 통해 환자 상담을 자동 기록·요약하고 2년간의 진료 데이터를 분석해 의사가 환자의 상태를 한눈에 파악하도록 돕는다. 이 과정에서 AI는 맞춤형 진료 가이드를 제시하고 처방 코드를 추천하며 병용 금기나 삭감 위험 약물을 미리 알려준다. 더 나아가 생활 습관 교육 자료까지 제공해 진료 품질을 한층 높였다. 최근에는 삼성전자와 연동해 진료실 내 IoT 기기와도 연결  환자의 건강 데이터를 실시간으로 확인하는 등 진료 환경의 혁신을 이끌고 있다. GC녹십자  신약 개발·품질·제조 혁신 가속화 환자 진단과 의료 현장에서 축적된 데이터는 다시 연구개발과 생산 혁신으로 이어진다. GC녹십자는 자체 mRNA/LNP 플랫폼에 AI 기반 코돈 최적화 기술을 적용해 후보물질의 효율을 끌어올렸으며 희귀질환 모델에서 효능과 안전성을 확인했다. 이는 신약 개발의 속도를 높이고 성공 가능성을 끌어올리는 데 기여하고 있다. AI 기반 코돈 최적화 기술을 활용해 가장 빠르게 개발하고 있는 파이프라인은 코로나19 mRNA 백신이다. GC녹십자는 이 백신에 대해 연내 임상 1상 IND 승인을 목표로 개발 속도를 올리고 있다. AI로 발굴한 후보물질이 비임상 단계에서 기존 상용화 제품과 유사한 수준의 면역원성과 방어 능력을 입증한 만큼 개발 가능성이 한층 높아졌다. GC녹십자는 AI 기반의 mRNA/LNP 플랫폼이 임상을 통해 검증되면 새로운 팬데믹 발생 시 100일 이내에 대응이 가능할 것으로 분석하고 있다. 품질관리 분야에서도 GC녹십자는 AI를 활용한 변화를 주도하고 있다. AI 기반 문서 자동화 시스템 도입으로 연간 평가보고서 작성 시간이 80% 이상 단축됐고 AWS·메가존클라우드와 협업해 실시간 데이터 분석 체계를 마련했다. 제조 영역에서는 생성형 AI를 활용해 규제 실사 대응 시뮬레이션과 공정 최적화를 추진 ‘Pharma 4.0’ 전략의 핵심 동력으로 자리 잡고 있다. 품질 향상과 생산 효율성 극대화라는 두 마리 토끼를 동시에 잡고 있는 것이다. GC그룹 관계자는 “AI는 이제 선택이 아니라 필수”라며 “진단에서 생산까지 헬스케어 전 영역에 걸친 AI 혁신을 통해 글로벌 경쟁력을 강화해 나갈 것”이라고 말했다. 최해진 기자 haehae@donga.com Copyright © 동아일보. All rights reserved. 무단 전재  재배포 및 AI학습 이용 금지,http://v.daum.net/v/20250924030502228
2025. 9. 24. 00:56,세계 2000대 기업 보니… 중국 52% 늘고  한국은 6% 줄어,최근 10년간 글로벌 2000대 기업에 포함된 한국 기업은 2015년 66곳에서 올해 62곳(-6%)으로 줄어든 반면 중국은 180곳에서 275곳으로 95곳(52.7%) 증가한 것으로 나타났다. 미국도 575곳에서 612곳으로 37곳 증가했다. 리스트에 포함된 한국 기업의 전체 매출액은 2015년 1조4700억달러에서 2025년 1조6900억달러로 약 15% 늘어나는 데 그쳤다. 반면 중국과 미국 기업은 총매출이 각각 95%  63% 늘었다. 중국 주요 기업의 매출액이 늘어나는 속도가 한국의 6.3배에 달하는 셈이다. 이는 미국 유력 경제 전문지 포브스가 매출·이익·자산 등을 기준으로 매년 세계 상위 기업 2000곳을 선정하는 ‘글로벌 2000’ 통계의 지난 10년치를 대한상공회의소가 분석한 결과다. 23일 대한상의에 따르면  한국은 글로벌 2000대 기업 숫자뿐 아니라 경영의 질적인 측면에서도 중국과 격차가 뚜렷했다. 예컨대 중국 기업 가운데 온라인 쇼핑몰 기업인 알리바바의 매출은 약 1364억달러로 지난 10년간 11배 늘었다. 전기차 BYD는 매출이 12배  인터넷 기업 텐센트는 7배 이상 증가하는 등 첨단 기술 분야 기업들이 전체 성장세를 주도했다. 미국도 인공지능(AI) 대전환을 주도하는 엔비디아 매출이 10년간 28배 늘어나고 마이크로소프트(3배)  유나이티드헬스(3배) 같은 기술 기업들이 성장을 뒷받침했다. 반면 한국은 삼성전자가 10년간 매출액 성장률이 13%  현대차는 51%에 각각 그쳤다. SK하이닉스가 매출이 512억4000만달러로 3배 이상이 돼 그나마 상승 폭이 컸다. 한국에서 비교적 신생 기업으로 꼽히는 곳 중에선 크래프톤·셀트리온·카카오뱅크 등 게임·바이오·핀테크 분야의 기업들이 새로 글로벌 2000에 이름을 올렸지만 순위가 1600위 이후라 중국이나 미국에 비해선 존재감이 미미했다. 기업 생태계의 역동성 면에서도 중국과 미국에 뒤처지고 있는 것이다. ◇엔비디아 2787% 클때 삼성전자는 13% 성장 포브스의 ‘글로벌 2000’에 포함된 미국과 중국  한국 기업들의 면면을 비교해보면 세 나라 기업 생태계의 역동성이 명확하게 드러난다. 미국은 전통을 가진 대기업과 신생 기업들이 첨단 산업 분야에서 균형 있게 성장하고 있었다. 중국은 신생 기업들의 약진이 뚜렷했다. 미국에선 AI 대전환의 선두에 선 엔비디아가 매출 성장률 2787%를 기록한 가운데  유나이티드헬스(314%  이하 매출성장률)  마이크로소프트(281%)  CVS헬스(267%) 등 첨단산업·헬스케어 기업이 성장을 주도했다. 이런 가운데 스톤X(금융상품 중개)  테슬라(전기차)  우버(차량 공유) 등 새로운 분야 기업들이 강자로 등장하며 기업 생태계 전체가 성장했다. 중국에선 전기차업체 BYD의 매출성장률(1188%)이 돋보였다. 그 뒤를 이어 알리바바(IT)  텐센트홀딩스(온라인 미디어·게임)  BOE테크놀로지(디스플레이) 등 첨단기술·IT 분야 기업들이 중국 기업 생태계의 물갈이를 이끌며 중국 경제의 도약을 주도했다. 또 파워차이나(에너지)·샤오미(전자제품)·디디글로벌(차량 공유)·디지털차이나그룹(IT 서비스) 등 에너지·제조업·IT를 포함한 다양한 산업군에서도 글로벌 경쟁력을 갖춘 강자들이 잇따라 등장했다. 글로벌2000에 가장 많은 기업이 이름을 올린 나라는 미국(612개)이었다. 다음이 중국(275개)  일본(180개) 순이었다. 한국은 인도(70개)와 영국(68개)에도 순위가 밀려 2015년 4위에서 6위로 떨어졌다. 대한상의는 “한국 기업 생태계는 기업이 성장할수록 지원은 줄고 규제는 늘어나는 역진적 구조”라고 지적했다. 이종명 대한상의 산업혁신본부장은 “한 해에 중소기업에서 중견으로 올라가는 비율이 0.04%  중견에서 대기업이 되는 비율이 1~2% 정도”라며 “미국이나 중국처럼 다양한 업종에서 무서운 신인 기업들이 빠르게 배출되도록 정책 패러다임을 바꿔야 할 때”라고 말했다. 이 본부장은 또 “일정 지역·업종에서라도 규제를 완화하고 지원은 ‘균등 분배’보다 ‘성장 가능성 높은 프로젝트’ 위주로 집중해야 한다”고 말했다. Copyright © 조선일보. 무단전재 및 재배포 금지.,http://v.daum.net/v/20250924005649551
2025. 9. 24. 00:35,고급車·휴대폰도 가성비 모델… “불황에 콧대 낮춰”,현대차는 22일 전기차 ‘아이오닉5N’의 저가형인 ‘에센셜’ 모델을 출시했다. 현대차의 ‘N’ 시리즈는 고성능 버전의 프리미엄급 차량인데 엔트리(entry·입문용) 모델을 만든 것 자체가 이례적이다. 판매가는 기존 모델 대비 210만원 낮춘 7490만원으로 책정했다. 기아도 지난 15일 의전용으로 주로 쓰이는 고급 승합차 ‘카니발 하이리무진’의 새 모델을 내면서 ‘9인승 노블레스’라는 저가 라인을 신설했다. 일부 편의 사양을 재구성해 이전 모델 대비 최저가를 282만원 낮춘 것이다. 현대차·기아 측은 “고성능  프리미엄 차량에 엔트리급을 도입한 것은 최근 경기 상황 변화를 반영해 판매량과 고객 기반을 넓히기 위한 것”이라고 설명했다. “고성능은 원하지만 유지비에 민감한 전기차 구매자  법인·고소득층이 주로 구매했던 리무진을 타고 싶어 하는 가족 단위 고객까지 모두 잡겠다는 의도”라는 것이다.  ◇콧대 높던 프리미엄도 ‘가성비’ 국내 기업들의 가성비 경쟁이 프리미엄 브랜드로 확산되고 있다. 가성비 경쟁은 주로 저가 브랜드나 중소·중견기업의 전유물이었다. 이와 달리 시장의 최강자인 프리미엄 브랜드들이 저가 모델을 내놓는다는 점에서 최근의 현상은 차별화된다. 고물가·고금리로 인한 소비 심리 위축이 뉴노멀이 되면서  ‘고가 프리미엄’ 전략을 써왔던 기업들도 수익성보다는 시장 점유율과 고객 접점 확대를 우선하는 방향으로 선회하고 있는 것이다. 삼성전자가 지난 19일 저가형 스마트폰 ‘갤럭시S25 FE’를 출시한 것도 프리미엄 가성비 또는 선택적 프리미엄 전략 차원이다. 이 제품은 올 2월에 출시된 S25 대비 가격을 21만원가량 낮췄다. 하반기에 신제품을 내놓는 애플을 견제하는 목적도 있지만 합리적인 가격에 S급을 써보고 싶어 하는 기존 A모델(중저가 라인업) 고객을 끌어올리는 ‘징검다리’ 효과가 있다는 것이 삼성의 설명이다. 기존 가성비 제품군을 더 세분화하는 가성비 전략도 등장했다. LG전자가 지난 15일 출시한 무선 이어폰 ‘엑스붐 버즈’의 신제품 2종이 대표적이다. 기존 모델 가격은 14만9000원으로  한국소비자원이 시중 10개 모델을 대상으로 한 조사에서 ‘가성비 최고 제품’으로 꼽힌 바 있다. ◇가성비 제품군 세분화 전략도 등장 LG전자는 한 발 더 나가  기존 가성비 제품(버즈)은 유지하면서 ‘버즈 플러스’(19만9000원)와 ‘버즈 라이트’(9만9000원)라는 모델을 추가했다. LG전자 관계자는 “5만원씩 차이를 두고 조금 더 돈을 쓰고 싶은 사람과  덜 쓰고 싶은 사람을 세분화해 ‘가성비 모델’을 3개로 늘린 것”이라고 했다. 소비자가 구입을 망설이는 20만원을 넘지 않으면서  10만원 이하를 쓰고 싶은 사람까지 끌어안기 위해 고객의 지불 의사를 5만원 단위로 촘촘하게 맞춤했다는 것이다. 이 같은 흐름은 콘텐츠 구독 서비스에서도 나타난다. 웨이브는 다음 달부터 광고를 끼워 넣은 ‘가성비 요금제’ 2종을 출시한다고 밝혔다. 하나는 자체 ‘광고형 스탠다드’ 요금이고  다른 하나는 티빙의 콘텐츠까지 한꺼번에 볼 수 있는 ‘웨이브X티빙 더블 광고형 스탠다드’ 요금제다. 넷플릭스  디즈니플러스 같은 해외 OTT가 시장을 잠식하는 가운데 이탈하는 이용자를 붙잡겠다는 전략이다. 프리미엄 가성비와 가성비 세분화는 한동안 지속될 전망이다. 한 가전업계 관계자는 “이젠 기술의 차별화보다 ‘가격의 수용성’이 더 중요한 가치가 된 것 같다”고 말했다. Copyright © 조선일보. 무단전재 및 재배포 금지.,http://v.daum.net/v/20250924003547359
2025. 9. 24. 00:34,“구조대 도착” 삼성전자 투자자들  버틸까 말까,“와 삼전이 8만원!!! 구조대가 도착했어요.” “오랜만에 빨간불 봤네요. 구조대 오면 바로 나가야지 했는데  막상 구조대가 오니 ‘좀 더 버텨볼까’ 이러고 있네요.” 삼성전자 주가가 9월 들어 가파른 상승세를 이어가자 각종 인터넷 커뮤니티에선 “드디어 구조대가 도착했다”는 환호성이 쏟아지고 있다. ‘구조대’는 자신이 매수한 주가 위로 주가가 올라 수익권에 진입했을 때 투자자들이 쓰는 은어다. 삼성전자 주가는 23일 장중 8만5900원까지 오르며 52주 신고가를 새로 쓰는 등 8만4700원에 마감했다. 이달 들어서만 21.5% 급등했다.  “구조대가 왔다”는 삼성전자 투자자들의 환호성은 데이터로도 확인된다. NH투자증권 집계에 따르면 7월 1일 기준 삼성전자 주식을 보유한 이 회사 고객 73만명 가운데 수익을 내던 투자자는 23.2%에 불과했다. 나머지 76.8%는 손실을 보고 있었다. 평균 매입 가격은 6만8900원 수준으로  당일 종가(6만200원)와 1인당 평균 보유 주식 수(145주)를 감안하면 1인당 평균 127만원가량의 손실을 안고 있었다. 하지만 이달 들어 상황은 급변했다. 9월 19일 기준 수익을 보는 투자자 비율은 82.3%까지 뛰었고  1인당 평균 131만원의 평가 이익을 내고 있었다.  ◇‘반도체 저승사자’마저 “수퍼사이클” ‘반도체 겨울이 온다’ ‘빙산이 다가온다’는 보고서를 내며 반도체 비관론의 선봉에 섰던 글로벌 투자은행(IB) 모건스탠리는 최근 ‘메모리 수퍼사이클–AI 수요가 메모리 전반을 견인한다’는 제목의 보고서를 내고 한국 반도체 업종에 대한 투자 의견을 상향 조정했다. 모건스탠리는 “인공지능(AI) 서버와 모바일 D램 수요 확대에 따라 범용 메모리 가격 상승세도 탄력을 받고 있다”면서 “공급 부족이 전방위적으로 심화되고 있으며  메모리 산업은 2027년경 정점에 도달할 것으로 보인다”고 평가했다. 그러면서 삼성전자 목표 주가를 기존 8만6000원에서 9만6000원으로 12% 높였다. 국내 증권사들도 연이어 목표가를 올렸다. 미래에셋증권이 삼성전자 목표 주가를 11만1000원으로 제시했고  KB증권·한화투자증권·IBK투자증권 등도 11만원 선으로 상향 조정했다. 실제로 삼성전자는 반도체 상승 사이클에 대비해 웨이퍼(반도체 원판) 투입량을 늘리는 등 생산량 확대에 나서고 있는 것으로 알려졌다. 시장조사 업체 옴디아에 따르면 삼성전자의 올해 3분기 D램 웨이퍼 투입량은 193만장으로 1분기 대비 5% 증가했다. 내년에는 분기당 200만장을 돌파해 역대 최대 수준에 이를 전망이다. ◇외국인 매수 여력 여전 AI 반도체 핵심 부품인 고대역폭 메모리(HBM) 시장에서 삼성전자가 수혜를 볼 것이란 전망도 나온다. 블룸버그통신은 22일 업계 관계자를 인용해 “삼성이 최신 세대 칩 개발에 진전을 이뤘고  조만간 엔비디아로부터 HBM3E에 대한 최종 인증을 받을 것으로 예상된다”고 전했다. 그간 SK하이닉스가 사실상 독점하던 시장에 삼성전자가 본격적으로 진입할 수 있는 길이 열릴 것이란 뜻이다. 김동원 KB증권 연구원은 “삼성전자 HBM4는 공급사 중 가장 높은 속도를 구현해 엔비디아의 성능 상향 요구와 물량 확대 수요를 동시에 충족할 수 있다”며 “HBM4 물량 확대의 직접적 수혜가 기대된다”고 말했다. 9월 들어 외국인은 삼성전자를 4조원 가까이 순매수하며 주가를 밀어올리고 있지만  여전히 매수 여력이 남아 있다는 평가다. 22일 기준 삼성전자의 외국인 지분율은 51.11%로 최근 10년 평균 지분율(52.92%)보다 낮은 수준이다. 2019년 최고치(58.01%)와 비교하면 7%포인트가량 차이 난다. 다만 달러화 대비 원화 환율이 1390원대에 머무는 점은 부담 요인이다. 환율이 더 오를 경우(원화 약세) 외국인 입장에서는 환차손이 발생해 매도 요인으로 작용할 수 있기 때문이다. Copyright © 조선일보. 무단전재 및 재배포 금지.,http://v.daum.net/v/20250924003450356
2025. 9. 24. 00:20,[취재수첩] '똘똘한 한 채'만 남긴 1가구1주택 정책,“전 국민이 각자 단 한 종목의 주식만 살 수 있다면 어떻게 될까요.” 한 부동산업체 대표가 한국 부동산 시장을 빗대어 한 얘기다. 정답은 어렵지 않게 예측할 수 있다. 오를 가능성이 높고 안전한 삼성전자 같은 우량주에 수요가 몰릴 것이다. 그는 “정부가 입으로는 지역 균형 발전을 외치지만 정반대 결과가 나오는 부동산 정책을 고수하고 있다”고 꼬집었다. 과거 문재인 정부 이후 부동산 정책은 ‘1가구 1주택’을 장려하고  다주택자에게는 페널티를 주는 방향으로 이어졌다. 정부는 ‘실수요자’와 ‘서민’을 위한 정책이라고 항변한다. 하지만 받아 든 결과는 ‘부동산 시장 초양극화’다. KB부동산의 ‘8월 전국주택가격 동향’ 자료에 따르면 전국 5분위(상위 20%) 아파트 평균 가격은 14억114만원으로 5개월 새 1억원 올랐다. 하위 20% 아파트와 가격 차이를 나타내는 5분위 배율은 12.1로 벌어졌다. 관련 집계를 시작한 2008년 12월 이후 가장 큰 격차다. 너도나도 ‘똘똘한 한 채’만 바라보면서 서울 강남 등 인기 주거지로 몰린 결과다. 그사이 지방은 미분양으로 초토화됐다. 서울을 포함한 수도권은 집값 상승세가 계속되고 있다. 강남에서는 1년 새 집값이 적게는 수억원  많게는 10억원 가까이 뛴 곳도 수두룩하다. 지방 거주자들도 불안감을 견디지 못하고 서울로 몰려오고 있다. 법원 등기정보광장에 따르면 지난달 서울에 있는 집합건물(아파트·빌라·오피스텔 등)을 매입한 외지인  즉 서울 외 지역 거주자는 4281명으로 집계됐다. 정부의 ‘고강도 대출 규제’(6·27 부동산 대책)에도 외지인 매입 건수는 지난 5월 3529건  6월 4803건  7월 4463건 등으로 줄지 않고 있다. 전체 거래 대비 외지인 비중은 5월 21.6%에서 지난달에는 25.4%까지 치솟았다. 지방에서 정부 말대로 실거주 목적으로 살 집 한 채를 가진 사람은 바보로 취급받는 게 현실이다. 서울 부동산 가격을 안정화하길 원한다면 4~5년씩 걸리는 공공 주도 공급을 강조하는 데 그쳐서는 안 된다. ‘세컨드 홈 특례’를 비수도권 전체로 확장해 적용하는 등 특단의 대책이 필요하다. 지난해 말 양도소득세와 재산세 등을 1주택자 수준으로 깎아주는 방안을 비수도권에 확장 적용하도록 논의하다가 정권 교체 과정에서 흐지부지됐다. 이재명 정부의 핵심 국정과제 중 하나는 지역 균형 발전이다. 부동산이 가계 전체 자산의 약 80%를 차지하는 우리나라에서 지역 균형 발전의 선결 과제는 부동산 시장 양극화를 해결하는 것이다. 정부는 ‘절대 선’처럼 고수해 온 1가구 1주택 정책이 부른 엄청난 부작용을 직시해야 할 때다. Copyright © 한국경제. 무단전재 및 재배포 금지.,http://v.daum.net/v/20250924002047254
2025. 9. 24. 00:18,[사설] 돌아온 D램의 계절  AI 반도체 주도권 발판으로,삼성전자가 주요 고객사에 D램 고정거래 가격(대규모 납품가격)을 15~30% 올리겠다고 통보했다는 소식이다. 낸드플래시 가격도 5~10% 인상하겠다고 했다. 글로벌 기술 기업이 앞다퉈 인공지능(AI) 투자에 나서면서 메모리 반도체 물량이 부족해진 영향이다. 수출에서 메모리 반도체가 차지하는 비중이 절대적인 한국으로선 다행스러운 일이다. 이번 메모리 호황은 적어도 2~3년간 이어질 전망이다. 미국뿐 아니라 텐센트  바이두 등 중국 기업까지 AI 인프라 경쟁에 가세하면서 판 자체가 커졌다. 지난해 “겨울이 다가온다”며 업황 부진을 경고한 모건스탠리가 반도체산업 전망을 ‘매력적’으로 바꿨을 정도다. 4~5년 전만 해도 한국 기업들은 메모리 기술력을 기반으로 글로벌 반도체산업을 이끌었다. 하지만 AI 시대가 되면서 ‘K반도체’의 위상이 조금씩 뒷걸음질 치는 모습이다. 그 사이 그래픽처리장치(GPU) 경쟁력을 바탕으로 AI 칩 시장을 독점한 엔비디아가 반도체 먹이사슬의 정점에 올랐다. 이 회사는 최근 미국을 대표하는 중앙처리장치(CPU) 업체 인텔에 50억달러(약 6조9700억원)를 투자했다. 그제는 오픈AI에 최대 1000억달러(139조3500억원)를 집어넣는다고 발표했다. AI 시장 경쟁에서 압도한 여세를 몰아 경쟁사와 거래처의 대주주 자리까지 꿰찬 셈이다. 한국 기업도 방관만 하지 않았다. SK하이닉스는 AI 칩의 성능을 높일 수 있는 D램인 고대역폭메모리(HBM)를 선제적으로 개발해 메모리 반도체 업계 1위를 거머쥐었다. 고무적인 성과지만 불안한 측면도 없지 않다. 주된 수요처인 엔비디아가 발주 물량을 줄이면 수익 구조가 송두리째 흔들릴 수 있다. 메모리 반도체 업황이 반전하면서 삼성전자와 SK하이닉스의 운신 폭이 넓어졌다. 이번 기회에 공격적인 연구개발(R&D) 투자로 AI 반도체 시대를 이끌 차세대 기술을 대거 확보해야 한다. 다수의 초격차 기술을 확보하지 못하면 ‘슈퍼 갑’인 엔비디아의 행보나 메모리 수요 변화에 따라 부침을 겪을 수밖에 없다. 엔비디아도 처음엔 작은 게임용 그래픽카드 제조사에 불과했다. 삼성  SK라고 못할 이유가 없다. Copyright © 한국경제. 무단전재 및 재배포 금지.,http://v.daum.net/v/20250924001848242
2025. 9. 24. 00:11,[사설] ‘봉제에서 로봇까지’ 모든 산업 다 하는 中  우린 뭘 하나,과거 ‘세계의 공장’이던 영국·미국·일본·독일은 당시 몇몇 주요 산업에서 강국이었다. 지금 중국은 다르다. 제조업의 맨 아래 단부터 맨 위 최첨단까지 모든 것을 삼키려 한다. 중진국도 하지 않는 봉제 산업을 AI로 무장시켜 ‘초격차’ 산업으로 되살려내는 한편에서 드론·로봇 등 미래 산업까지 석권하고 있다. 모두 과거 한국이 잘했거나  지금 잘하고 있거나  앞으로 잘해보려는 분야들이다. 모든 걸 다 하는 중국 앞에서 우린 뭘 해야 하나. 중국은 전 세계 제조업 생산의 31%를 차지한다. 2위인 미국(16%)의 두 배에 달하고 일본·독일·인도·한국 등 3위부터 10위까지 합친 것보다 많다. 중국의 ’31%' 안에는 하늘(드론 시장 70%)  땅(전기차 시장 60%)  바다(조선 시장 70%)가 망라돼 있다. 그뿐 아니라 과거(봉제 산업)에서 미래(로봇  AI)까지 뻗쳐 있다. 베트남  방글라데시로 향하던 봉제 산업이 중국으로 돌아간 놀라운 과정은 이렇다. 세계 최대 전자상거래 업체 알리바바는 ‘봉제 스마트 공장’ 프로젝트를 진행했다. AI가 판매 데이터를 분석해 어떤 디자인이 잘 팔릴지 예측하고  그에 맞춰 생산 계획을 수립한다. 공장에선 AI 로봇이 99% 정확도로 옷감을 재단하고  신속히 옷을 만든다. 최근 의류 신제품 출시 주기를 일주일 단위로 하겠다는 ‘See now  Buy now’(지금 본 것을 바로 산다) 계획도 발표했다. 패션 공식을 다시 쓴다는 ‘쉬인’은 더하다. AI로 트렌드를 실시간 분석해 하루 1000개 넘는 디자인을 쏟아낸 뒤 100~200벌만 초소량 생산한다. 이어 AI 수요 예측 프로그램을 돌려 반응 좋은 제품만 즉시 대량 생산에 들어간다. 다른 업종도 아닌 봉제에서 ‘재고 없는 생산’이 현실이 됐다. 지금 광둥성  저장성의 수만 개 봉제 공장들은 인건비가 아닌 데이터와 속도로 서로 경쟁한다. 다음 단계에선 물류 기업 SF익스프레스가 나선다. AI가 최적 배송 경로를 계산하고  로봇들이 24시간 내내 상품을 분류하고 포장한다. 월스트리트저널(WSJ)은 “알리바바와 SF익스프레스가 이끄는 신물류 시대”라 했다. 봉제 분야는 만물을 다 만드는 중국 제조업을 상징한다. 비타민C 원료(90% 이상)나 자전거와 같은 저가 범용품부터 고급 가전제품  태양광 패널 등 그린에너지 분야 그리고 통신 장비와 고속철도 같은 국가 인프라 산업  로봇과 AI에 이르는 최첨단 산업까지 수백 개 업종에서 독보적 세계 시장 점유율을 확보했다. 이제 중국 제품 없이는 세계인의 현대 생활이 하루도 유지될 수 없다는 말이 나온다. 과장이라고 할 수 없다. 한 업종에서도 거의 전방위로 제품을 쏟아낸다. 예컨대 드론 산업에서 농약 살포  씨앗 파종  건설 벽돌 쌓기  페인트 칠하기  고층 빌딩 유리창 닦기 등 생각할 수 있는 모든 드론을 생산  장악했다. 군용 드론은 일부일 뿐이다. 로봇도 공장만이 아니라 수술 보조 로봇  간병 로봇까지 빠르게 확산시키고 있다. 세계는 모든 걸 다 만드는 중국에 대한 의존도가 계속 높아지고 있다. 모든 걸 다 만들고 장악하는 중국 앞에 최대 피해자는 한국이 되고 있다. 중국이 의도했든 아니든 중국이 잠식해온 업종 대부분은 한국이 잘했거나 잘하고 있는 분야다. 중국은 마치 ‘한국이 하면 우리도 할 수 있다’고 생각하고 따라와 잡아먹는 것 같다. 우리 대표 업종 중 철강은 중국에 막혀 미래가 안 보이는 상황이다. 세계 최고 기술력을 자랑했던 포스코의 파이넥스 공법을 중국 바오강  허베이철강 등이 유사 기술로 빠르게 따라잡았다. 한때 우리 효자 산업이었던 석유화학은 최대 수출 시장이던 중국이 대규모 설비 증설에 나서자 전례 없는 위기에 직면했다. 자동차와 조선  스마트폰은 시장 점유율에선 이미 밀렸다. LNG 운반선 등 한국 업체들이 독보적이던 분야에도 중국이 속속 진출하고 있다. 메모리 반도체도 3D 낸드플래시 분야에선 삼성전자와 SK하이닉스를 위협하는 수준에 도달했다. 중국은 이들 분야에서 한국 엔지니어들을 고액 연봉으로 스카우트한 뒤 기술만 빼내고 버리는 식으로 빠르게 기술 격차를 좁혔다. 우리가 세계 최초로 상용화한 OLED 기술도 이런 식으로 중국에 시장을 빼앗겼다. 이제는 각 분야에서 추격을 넘어 추월당할 단계에 왔다. 우리는 제조업을 포기할 수 없다. 제조업을 버리고 고부가가치 산업이나 서비스업으로 산업 전환을 하자는 주장은 과거에 통했던 얘기다. 제조업의 일자리와 부가가치 창출 효과만의 문제가 아니다. 제조업 기반 없이는 4차 산업 혁명을 쫓아갈 수 없다. AI가 스마트 팩토리를 설계해도 그것을 구현하고 생산할 공장이 있어야 한다. 그 데이터가 AI를 더 강화한다. 아무리 획기적인 신약을 개발해도 대량 생산할 공정 기술이 없다면 소용이 없다. 우리 제조업엔 수십 년간 산업 현장을 지키며 ‘메이드 인 코리아’ 신화를 써 내려온 세계 최고의 장인(匠人)들이 있다. 수십t짜리 강판을 한 치의 오차 없이 붙이는 용접 명장(名匠)의 손기술  미세한 소리로도 기계의 이상을 감지하는 설비 전문가의 감각  반도체 수율 0.1%를 좌우하는 베테랑 엔지니어의 노하우처럼 돈이나 매뉴얼로 전수할 수 없는 암묵지(暗默知)는 산업화 1세대로부터 우리에게까지 이어진 유산이다. 결국 우리 속에 숨어 있는 제조업 DNA를 일깨우고 발전시켜야 한다. 그렇게 명장들의 기술과 혼을 AI화시켜야 한다. 포스코의 ‘등대 공장’이 한 예다. 장인의 움직임을 센서와 비전 AI로 포착해 로봇에 학습시키고  문제 해결 과정을 데이터화했다. 전 제조업으로 확산돼야 한다. 연구소와 생산 현장에 새로운 동기도 부여돼야 한다. 우리 산업 전반에 매너리즘이 깔려 있다. 중국은 모든 걸 다 한다. 바뀌지 않을 것이다. 우리가 피해 갈 수 없다는 뜻이다. 그렇다면 싸워서 이기는 수밖에 없다. Copyright © 조선일보. 무단전재 및 재배포 금지.,http://v.daum.net/v/20250924001140160
